Id,League,Date,Time,Round,Home,Away,posicao_home,posicao_away,FT_Odd_H,FT_Odd_D,FT_Odd_A,FT_Odd_Over25,FT_Odd_Under25,FT_Odd_BTTS_Yes,FT_Odd_BTTS_No,Media_Total_2HT_H,Media_Total_2HT_A,CV_Media_Total_2HT_H,CV_Media_Total_2HT_A,PPJ_H,CV_Pontos_H,PPJ_A,CV_Pontos_A,Media_primeiro_gol_home,Media_primeiro_gol_away,Media_primeiro_gol_home_sofrido,Media_primeiro_gol_away_sofrido,xg_home,xg_away,xg_jogo,Power_home,Power_away,media_movel_chutes_por_gol_H,media_movel_chutes_por_gol_A,media_chutes_home,media_chutes_away,Porc_Over05HT_Home,Porc_Over15HT_Home,Porc_Under05HT_Home,Porc_Home_Win,Porc_Home_Win_HT,Porc_Over25FT_Home,Porc_BTTS_Home,Media_FT_Corners_H_MAR,Media_FT_Corners_H_SFR,Porc_Over05HT_Away,Porc_Over15HT_Away,Porc_Under05HT_Away,Porc_Away_Win,Porc_Away_Win_HT,Porc_Over25FT_Away,Porc_BTTS_Away,Media_FT_Corners_A_MAR,Media_FT_Corners_A_SFR,Diferente_0x0_Home,Diferente_0x0_Away,Diferente_0x1_Home,Diferente_0x1_Away
xdW6Kjne,NORUEGA - ELITESERIEN,2024-04-01,12:00,RODADA 1,Lilleström,Kristiansund,10.0,16.0,,,,,,,,2.5,,0.14,,1.9,0.76,,,40.6,,30.12,,,,,7.1,,2.79,,5.86,,70.0,50.0,30.0,60.0,50.0,90.0,80.0,6.6,6.6,90.0,40.0,10.0,0.0,0.0,60.0,30.0,,,100.0,100.0,50.0,10.0
WIVAJA11,NORUEGA - ELITESERIEN,2024-04-01,12:00,RODADA 1,Molde,Strömsgodset,2.0,4.0,,,,,,,,1.6,1.8,0.1,0.18,2.3,0.5,1.0,1.41,18.56,51.17,38.2,43.56,2.28,1.06,3.34,8.3,4.0,2.82,2.77,6.11,2.78,90.0,60.0,10.0,70.0,70.0,60.0,50.0,6.9,6.9,50.0,20.0,50.0,30.0,10.0,40.0,50.0,3.7,3.7,90.0,100.0,40.0,30.0
A9UEIUG7,NORUEGA - ELITESERIEN,2024-04-01,12:00,RODADA 1,Rosenborg,Sandefjord,7.0,13.0,,,,,,,,1.0,1.5,0.39,0.12,1.5,0.9,0.1,3.16,41.67,33.67,35.71,32.5,2.12,1.6,3.72,1.2,-0.8,3.69,2.5,4.56,3.67,80.0,50.0,20.0,40.0,30.0,50.0,60.0,4.5,4.5,90.0,60.0,10.0,0.0,10.0,60.0,60.0,4.4,4.4,100.0,100.0,20.0,50.0
nRDcsEg8,NORUEGA - ELITESERIEN,2024-04-01,12:00,RODADA 1,Tromsö,Brann,6.0,1.0,,,,,,,,1.2,1.1,0.25,0.19,1.7,0.83,1.3,1.15,34.75,34.12,46.29,30.43,1.9,0.89,2.79,6.7,0.5,3.5,3.21,5.0,3.67,60.0,30.0,40.0,50.0,40.0,50.0,60.0,4.3,4.3,100.0,60.0,0.0,40.0,40.0,50.0,50.0,6.7,6.7,90.0,100.0,50.0,70.0
QHC1tY8E,NORUEGA - ELITESERIEN,2024-04-01,14:15,RODADA 1,Viking,Sarpsborg 08,8.0,14.0,,,,,,,,2.6,1.8,0.08,0.09,2.5,0.43,1.4,1.02,57.5,35.7,35.71,47.71,2.24,1.9,4.14,7.5,3.1,2.93,3.31,5.89,5.44,50.0,40.0,50.0,80.0,0.0,60.0,70.0,7.2,7.2,70.0,40.0,30.0,40.0,40.0,70.0,70.0,5.9,5.9,100.0,100.0,60.0,70.0
zXkwjZV4,ESCÓCIA - PREMIERSHIP,2024-01-02,12:00,RODADA 22,Dundee FC,St. Johnstone,7.0,10.0,1.95,3.4,4.0,2.05,1.75,1.91,1.91,1.88,0.78,0.16,0.06,1.12,1.11,0.44,1.19,48.6,57.0,29.6,43.33,1.18,0.53,1.71,0.29,2.38,2.5,,4.4,1.75,62.5,25.0,37.5,25.0,12.5,62.5,37.5,6.14,6.14,44.44,11.11,55.56,0.0,0.0,11.11,22.22,4.0,4.0,87.5,66.67,37.5,11.11
ENlskgoB,ESCÓCIA - PREMIERSHIP,2024-01-02,12:00,RODADA 22,Hibernian,Motherwell,6.0,8.0,1.85,3.5,4.2,1.98,1.88,1.8,1.95,1.25,0.88,0.23,0.29,1.38,1.02,0.75,1.38,44.4,47.33,37.67,35.5,1.13,0.57,1.7,2.43,0.86,2.67,3.17,5.2,3.17,62.5,12.5,37.5,37.5,37.5,25.0,25.0,6.17,6.17,62.5,25.0,37.5,12.5,25.0,25.0,25.0,5.67,5.67,75.0,87.5,37.5,25.0
8plolD0H,ESCÓCIA - PREMIERSHIP,2024-01-02,12:00,RODADA 22,Livingston,Hearts,12.0,3.0,3.8,3.6,1.95,2.2,1.65,2.05,1.7,0.88,1.11,0.19,0.18,0.88,1.13,1.67,0.95,71.0,35.71,39.5,58.2,0.0,0.98,0.98,-1.14,2.88,2.25,2.75,3.0,3.25,37.5,0.0,62.5,12.5,0.0,12.5,12.5,4.2,4.2,66.67,11.11,33.33,55.56,55.56,33.33,33.33,7.4,7.4,62.5,100.0,37.5,66.67
MmhkmXFN,ESCÓCIA - PREMIERSHIP,2024-01-02,12:00,RODADA 22,Rangers,Kilmarnock,2.0,4.0,1.25,6.5,9.5,1.62,2.25,2.2,1.62,1.12,0.89,0.3,0.25,2.62,0.4,0.78,1.25,33.43,50.2,18.33,26.8,1.44,0.35,1.79,6.57,1.88,3.19,2.62,5.6,3.4,100.0,25.0,0.0,87.5,75.0,50.0,25.0,5.8,5.8,55.56,33.33,44.44,11.11,11.11,44.44,44.44,6.57,6.57,100.0,66.67,37.5,55.56
4CsfniVT,ESCÓCIA - PREMIERSHIP,2024-01-02,12:00,RODADA 22,Ross County,Aberdeen,11.0,9.0,3.2,3.2,2.4,2.1,1.7,1.91,1.91,1.0,2.0,0.2,0.15,1.38,1.02,0.71,1.56,46.25,34.0,57.25,37.17,0.98,0.57,1.55,1.14,0.83,4.5,1.25,3.75,2.8,50.0,25.0,50.0,37.5,25.0,25.0,12.5,5.67,5.67,85.71,28.57,14.29,14.29,28.57,42.86,28.57,3.33,3.33,87.5,85.71,37.5,28.57
lYM4iq4I,ESPANHA - LALIGA,2024-01-02,13:00,RODADA 19,Getafe,Rayo Vallecano,8.0,11.0,2.45,3.0,3.2,2.7,1.44,2.2,1.62,0.86,1.25,0.25,0.25,2.43,0.4,1.38,1.02,55.5,51.5,17.67,54.0,0.92,1.06,1.98,6.33,5.14,3.25,3.12,3.8,4.5,42.86,42.86,57.14,71.43,14.29,28.57,42.86,4.33,4.33,37.5,25.0,62.5,37.5,25.0,25.0,12.5,3.33,3.33,85.71,87.5,28.57,50.0
6LTLsBwo,ESCÓCIA - PREMIERSHIP,2024-01-02,14:00,RODADA 22,St. Mirren,Celtic,5.0,1.0,12.0,5.5,1.29,1.62,2.25,2.05,1.7,1.22,1.78,0.43,0.1,1.67,0.79,2.44,0.46,35.67,33.88,34.4,51.0,0.57,1.25,1.82,1.88,7.62,2.88,3.55,3.6,8.17,77.78,11.11,22.22,44.44,33.33,44.44,33.33,4.17,4.17,77.78,22.22,22.22,77.78,66.67,77.78,44.44,6.5,6.5,88.89,88.89,55.56,55.56
GrNqhGfT,ESPANHA - LALIGA,2024-01-02,15:15,RODADA 19,Real Sociedad,Alavés,6.0,16.0,1.55,3.8,7.0,2.3,1.6,2.25,1.57,1.75,1.0,0.32,0.15,1.88,0.66,0.38,1.38,17.5,40.67,64.33,44.29,1.6,0.63,2.23,5.71,1.29,2.54,9.0,4.67,4.6,62.5,37.5,37.5,50.0,50.0,37.5,62.5,4.43,4.43,62.5,12.5,37.5,0.0,12.5,25.0,37.5,4.0,4.0,87.5,87.5,50.0,12.5
CAMUaTAR,INGLATERRA - PREMIER LEAGUE,2024-01-02,16:30,RODADA 20,West Ham,Brighton,6.0,8.0,2.3,3.6,2.9,1.62,2.25,1.5,2.5,2.0,2.0,0.09,0.15,1.75,0.79,1.38,1.02,23.14,49.0,46.5,33.25,1.7,1.34,3.04,5.0,4.14,2.17,2.42,3.5,5.25,75.0,37.5,25.0,50.0,50.0,62.5,62.5,4.8,4.8,87.5,37.5,12.5,37.5,37.5,62.5,87.5,2.6,2.6,100.0,100.0,50.0,37.5
bskYZGYp,ESPANHA - LALIGA,2024-01-02,17:30,RODADA 19,Valencia,Villarreal,10.0,13.0,2.2,3.4,3.3,2.04,1.86,1.75,2.0,0.86,1.29,0.25,0.17,2.0,0.65,0.86,1.25,46.33,39.67,39.5,35.8,1.26,0.69,1.95,2.33,1.83,2.93,4.0,4.4,3.0,57.14,28.57,42.86,57.14,42.86,28.57,28.57,4.33,4.33,57.14,57.14,42.86,14.29,0.0,42.86,71.43,4.6,4.6,85.71,85.71,0.0,57.14
lzlSGw6E,GRÉCIA - SUPERLIGA,2024-01-03,11:00,RODADA 16,Asteras T.,Aris,6.0,5.0,3.6,3.1,2.25,2.25,1.62,1.95,1.8,1.71,1.0,0.19,0.25,1.0,1.41,0.8,1.63,36.6,50.0,33.8,38.0,1.18,1.44,2.62,5.17,0.0,2.44,,3.25,4.67,71.43,42.86,28.57,28.57,14.29,71.43,42.86,3.4,3.4,40.0,20.0,60.0,20.0,0.0,20.0,20.0,3.5,3.5,100.0,80.0,42.86,40.0
d0L5eTZ5,GRÉCIA - SUPERLIGA,2024-01-03,12:00,RODADA 16,Lamia,Olympiacos,7.0,3.0,9.5,5.0,1.36,1.8,2.0,2.1,1.67,1.67,1.0,0.25,0.22,1.33,1.02,2.0,0.55,35.0,46.6,27.0,21.0,1.04,1.55,2.59,4.4,4.2,2.88,3.0,4.0,6.0,83.33,33.33,16.67,33.33,33.33,83.33,83.33,3.6,3.6,50.0,50.0,50.0,50.0,16.67,33.33,33.33,5.33,5.33,100.0,83.33,50.0,66.67
rVOyfxQG,ESPANHA - LALIGA,2024-01-03,13:00,RODADA 19,Granada,Cádiz,19.0,17.0,2.25,3.1,3.5,2.35,1.57,1.95,1.8,1.62,1.38,0.25,0.11,0.88,1.13,0.38,1.38,40.5,38.0,32.75,48.0,1.47,0.98,2.45,3.86,-0.71,2.96,1.5,5.0,2.67,75.0,62.5,25.0,12.5,12.5,50.0,75.0,3.83,3.83,62.5,25.0,37.5,0.0,37.5,25.0,50.0,4.33,4.33,100.0,100.0,62.5,12.5
AqkOHJj8,GRÉCIA - SUPERLIGA,2024-01-03,14:00,RODADA 16,AEK,Volos,4.0,10.0,1.13,7.5,26.0,1.53,2.4,2.75,1.4,1.0,1.5,0.13,0.26,2.33,0.44,1.0,1.1,39.0,54.25,42.67,46.0,1.79,0.69,2.48,4.2,2.2,5.25,1.5,7.75,1.75,83.33,50.0,16.67,66.67,50.0,50.0,50.0,7.2,7.2,66.67,16.67,33.33,16.67,16.67,33.33,66.67,3.4,3.4,100.0,100.0,16.67,0.0
ry60bVkm,GRÉCIA - SUPERLIGA,2024-01-03,15:00,RODADA 16,PAOK,OFI Crete,1.0,9.0,1.25,6.5,9.5,1.57,2.35,2.1,1.67,1.29,1.33,0.25,0.3,2.71,0.28,0.33,1.55,29.83,21.0,47.5,30.8,1.96,0.35,2.31,10.67,1.4,2.83,2.5,5.5,4.0,85.71,42.86,14.29,85.71,85.71,71.43,28.57,6.33,6.33,83.33,33.33,16.67,0.0,16.67,66.67,33.33,4.75,4.75,85.71,83.33,28.57,33.33
URKXfIAA,ESPANHA - LALIGA,2024-01-03,15:15,RODADA 19,Celta de Vigo,Bétis,18.0,7.0,2.38,3.3,3.0,2.05,1.85,1.75,2.0,0.88,1.0,0.15,0.49,0.75,1.38,1.0,0.93,30.75,25.4,45.86,41.17,0.66,1.18,1.84,-2.14,1.14,4.25,2.38,4.33,3.2,75.0,12.5,25.0,12.5,25.0,25.0,37.5,7.33,7.33,62.5,50.0,37.5,12.5,12.5,37.5,62.5,4.67,4.67,100.0,75.0,62.5,12.5
xhOugduN,ESPANHA - LALIGA,2024-01-03,15:15,RODADA 19,Real Madrid,Mallorca,1.0,14.0,1.22,6.5,13.0,1.65,2.2,2.25,1.57,2.14,1.38,0.2,0.12,2.71,0.28,0.62,1.7,26.0,49.25,39.5,33.67,2.45,0.77,3.22,6.67,0.71,4.08,2.54,8.5,4.0,85.71,28.57,14.29,85.71,57.14,71.43,57.14,7.0,7.0,50.0,25.0,50.0,12.5,0.0,25.0,37.5,3.43,3.43,85.71,87.5,57.14,37.5
xb54ck5g,GRÉCIA - SUPERLIGA,2024-01-03,16:00,RODADA 16,Panathinaikos,Giannina,2.0,14.0,1.18,7.0,17.0,1.62,2.25,2.63,1.44,1.8,0.86,0.14,0.41,2.0,0.71,0.57,0.94,17.2,38.0,27.5,18.17,2.57,1.06,3.63,2.75,0.67,4.04,2.17,9.0,3.25,100.0,80.0,0.0,60.0,60.0,100.0,40.0,5.25,5.25,71.43,57.14,28.57,0.0,0.0,57.14,85.71,3.0,3.0,100.0,85.71,20.0,57.14
8CWOdvtb,ESPANHA - LALIGA,2024-01-03,17:30,RODADA 19,Girona,Atl. Madrid,2.0,3.0,2.55,3.6,2.63,1.67,2.15,1.57,2.25,1.88,1.71,0.07,0.07,2.75,0.26,1.0,1.41,51.62,38.0,32.25,33.75,1.73,1.55,3.28,6.0,5.67,2.72,2.92,6.4,5.2,50.0,37.5,50.0,87.5,50.0,62.5,50.0,5.5,5.5,57.14,28.57,42.86,28.57,28.57,57.14,14.29,5.4,5.4,100.0,85.71,37.5,42.86
jeIor5qf,AUSTRÁLIA - A-LEAGUE,2024-01-04,05:45,RODADA 11,Adelaide United,Wellington Phoenix,8.0,2.0,2.0,3.6,3.4,1.48,2.6,1.44,2.63,2.25,0.75,0.0,0.47,1.5,1.15,2.0,0.58,39.67,53.33,47.0,,0.66,1.58,2.24,7.0,6.33,,,,,75.0,25.0,25.0,50.0,50.0,75.0,50.0,6.5,6.5,50.0,25.0,50.0,50.0,25.0,25.0,25.0,1.0,1.0,100.0,75.0,50.0,50.0
Gl48d9Ka,GRÉCIA - SUPERLIGA,2024-01-04,12:00,RODADA 16,Panetolikos,Panserraikos,12.0,11.0,2.25,3.2,3.5,2.25,1.62,1.95,1.8,1.17,2.0,0.24,0.24,1.33,1.02,0.38,1.38,42.33,15.0,7.67,59.62,1.5,0.57,2.07,5.4,0.43,,2.5,5.25,2.6,83.33,33.33,16.67,33.33,33.33,50.0,16.67,4.0,4.0,62.5,37.5,37.5,0.0,37.5,37.5,37.5,2.0,2.0,83.33,100.0,50.0,12.5
0nTGb0Bo,ESPANHA - LALIGA,2024-01-04,13:00,RODADA 19,Osasuna,Almería,12.0,20.0,1.7,4.0,4.75,1.92,1.98,1.91,1.91,1.25,1.5,0.31,0.11,1.12,1.11,0.12,2.83,46.17,41.0,36.6,39.12,1.44,0.92,2.36,5.14,0.0,2.5,3.83,4.2,3.6,62.5,37.5,37.5,25.0,12.5,25.0,50.0,5.17,5.17,75.0,62.5,25.0,0.0,0.0,75.0,75.0,4.83,4.83,87.5,100.0,25.0,62.5
UX1daBzs,GRÉCIA - SUPERLIGA,2024-01-04,14:00,RODADA 16,Atromitos,Kifisias,8.0,13.0,1.83,3.4,4.5,1.9,1.95,1.75,2.0,1.17,1.8,0.23,0.07,1.33,0.61,0.2,2.24,59.5,75.0,52.75,33.0,1.77,0.63,2.4,2.4,-3.75,,3.5,1.0,2.25,50.0,16.67,50.0,16.67,16.67,16.67,66.67,4.33,4.33,100.0,20.0,0.0,0.0,0.0,80.0,40.0,2.75,2.75,66.67,100.0,16.67,20.0
vwSKcKQi,ESPANHA - LALIGA,2024-01-04,15:15,RODADA 19,Sevilla,Ath. Bilbao,15.0,5.0,3.1,3.4,2.3,2.08,1.82,1.8,1.95,1.75,1.0,0.12,0.12,0.88,1.13,1.71,0.73,66.14,20.8,47.0,69.0,0.69,1.3,1.99,1.0,1.83,5.2,1.61,5.8,3.6,37.5,37.5,62.5,12.5,0.0,50.0,75.0,7.67,7.67,57.14,28.57,42.86,42.86,57.14,14.29,42.86,4.67,4.67,100.0,85.71,25.0,42.86
n3VSebe4,ESPANHA - LALIGA,2024-01-04,17:30,RODADA 19,Las Palmas,Barcelona,9.0,4.0,5.75,4.33,1.55,1.7,2.1,1.8,1.95,1.57,1.14,0.16,0.16,2.0,0.65,1.57,0.62,50.67,59.67,78.6,38.8,1.1,0.98,2.08,2.83,2.67,2.25,3.25,3.8,5.2,42.86,0.0,57.14,57.14,42.86,28.57,57.14,5.2,5.2,57.14,28.57,42.86,28.57,14.29,42.86,71.43,4.83,4.83,100.0,85.71,42.86,42.86
tQKbv8QS,AUSTRÁLIA - A-LEAGUE,2024-01-05,05:45,RODADA 11,Macarthur FC,Newcastle Jets,5.0,9.0,2.0,4.0,3.2,1.48,2.6,1.5,2.5,2.0,1.8,0.0,0.28,1.75,0.86,1.4,1.08,50.0,45.4,43.33,20.33,1.55,1.67,3.22,0.0,0.75,6.5,,6.5,,50.0,25.0,50.0,50.0,0.0,50.0,50.0,5.5,5.5,100.0,40.0,0.0,40.0,40.0,80.0,60.0,5.67,5.67,100.0,100.0,50.0,100.0
bTuUgDgP,TURQUIA - SUPER LIG,2024-01-05,11:00,RODADA 19,Gaziantep,Pendikspor,15.0,19.0,1.95,3.5,3.3,1.73,2.08,1.67,2.1,2.14,2.0,0.19,0.13,1.43,1.06,1.0,1.31,52.0,45.67,34.25,35.75,1.83,1.39,3.22,5.17,2.14,1.88,2.81,3.4,5.2,57.14,14.29,42.86,42.86,28.57,57.14,42.86,5.6,5.6,75.0,50.0,25.0,25.0,25.0,62.5,75.0,4.17,4.17,100.0,100.0,28.57,37.5
IDM0liHn,TURQUIA - SUPER LIG,2024-01-05,14:00,RODADA 19,Antalyaspor,Alanyaspor,8.0,12.0,1.95,3.25,3.75,1.93,1.93,1.73,2.0,1.0,1.43,0.35,0.31,1.62,0.73,1.14,1.18,38.8,71.67,47.8,49.4,0.77,0.57,1.34,5.71,3.33,3.38,,4.2,3.2,50.0,37.5,50.0,37.5,25.0,25.0,50.0,4.5,4.5,28.57,14.29,71.43,28.57,0.0,28.57,28.57,4.0,4.0,75.0,85.71,37.5,14.29
d4L4mBWh,TURQUIA - SUPER LIG,2024-01-05,14:00,RODADA 19,Besiktas,Kasimpasa,5.0,9.0,1.5,4.2,5.0,1.57,2.35,1.67,2.1,1.43,1.57,0.18,0.27,1.86,0.79,1.29,0.97,26.86,49.0,46.0,26.25,1.3,1.39,2.69,1.67,4.0,4.38,3.25,7.25,3.8,71.43,42.86,28.57,57.14,42.86,42.86,57.14,5.8,5.8,57.14,42.86,42.86,28.57,14.29,57.14,57.14,3.8,3.8,100.0,71.43,14.29,71.43
6ZGeX6w0,PORTUGAL - LIGA PORTUGAL,2024-01-05,15:45,RODADA 16,Sporting CP,Estoril,1.0,9.0,1.2,6.0,13.0,1.48,2.6,2.05,1.7,2.14,2.71,0.09,0.19,3.0,0.0,0.57,1.98,27.86,34.71,52.75,29.17,2.68,1.04,3.72,8.0,1.67,2.97,2.77,7.6,5.0,85.71,42.86,14.29,100.0,71.43,71.43,57.14,6.2,6.2,71.43,71.43,28.57,14.29,14.29,71.43,85.71,6.0,6.0,100.0,100.0,57.14,85.71
0YBKPhNe,ITÁLIA - SERIE A,2024-01-05,16:45,RODADA 19,Bologna,Genoa,5.0,12.0,1.95,3.1,4.5,2.7,1.44,2.25,1.57,1.0,1.5,0.34,0.16,2.38,0.5,0.5,2.14,44.67,41.75,32.0,57.12,1.18,0.6,1.78,5.57,1.57,2.88,2.0,5.17,2.6,62.5,25.0,37.5,75.0,37.5,37.5,25.0,3.5,3.5,37.5,25.0,62.5,12.5,12.5,50.0,50.0,1.67,1.67,87.5,100.0,37.5,37.5
xEwDuVVJ,PORTUGAL - LIGA PORTUGAL,2024-01-05,17:45,RODADA 16,Boavista,FC Porto,13.0,3.0,6.0,4.5,1.44,1.75,2.05,1.95,1.8,1.86,1.43,0.17,0.18,1.29,0.97,2.14,0.68,54.0,46.6,28.29,39.6,1.48,1.18,2.66,2.33,3.5,2.56,3.0,4.75,4.25,100.0,42.86,0.0,28.57,14.29,71.43,85.71,5.6,5.6,57.14,28.57,42.86,71.43,28.57,57.14,42.86,6.8,6.8,100.0,100.0,57.14,28.57
rZ6QZRYq,AUSTRÁLIA - A-LEAGUE,2024-01-06,03:30,RODADA 11,WS Wanderers,Central Coast Mariners,3.0,6.0,2.38,3.75,2.63,1.53,2.4,1.5,2.5,1.6,3.0,0.32,,2.0,0.71,0.33,1.73,33.25,,14.0,30.67,2.19,1.0,3.19,5.25,1.5,,,,5.0,60.0,40.0,40.0,60.0,40.0,40.0,40.0,9.5,9.5,66.67,0.0,33.33,0.0,0.0,66.67,33.33,7.0,7.0,80.0,100.0,40.0,33.33
C8BUYolj,AUSTRÁLIA - A-LEAGUE,2024-01-06,05:45,RODADA 11,Brisbane Roar,Sydney FC,7.0,10.0,2.8,3.5,2.38,1.53,2.4,1.5,2.5,2.33,1.33,,,1.33,1.15,1.0,1.73,34.5,,54.33,44.0,1.63,1.83,3.46,-0.5,5.5,,,,,66.67,33.33,33.33,33.33,33.33,100.0,66.67,,,100.0,66.67,0.0,33.33,33.33,66.67,33.33,4.0,4.0,100.0,100.0,100.0,0.0
4UOCok15,TURQUIA - SUPER LIG,2024-01-06,07:30,RODADA 19,Rizespor,Hatayspor,7.0,13.0,2.1,3.4,3.1,1.85,2.0,1.67,2.1,0.57,1.38,0.2,0.25,2.43,0.4,0.75,1.38,32.33,35.5,7.33,42.2,1.39,0.49,1.88,8.67,0.71,4.0,2.43,3.75,4.4,71.43,42.86,28.57,71.43,42.86,28.57,42.86,3.8,3.8,62.5,25.0,37.5,12.5,25.0,50.0,50.0,3.5,3.5,85.71,62.5,28.57,37.5
jaAYX53d,AUSTRÁLIA - A-LEAGUE,2024-01-06,07:45,RODADA 11,Perth Glory,Melbourne Victory,11.0,1.0,3.8,4.2,1.73,1.53,2.4,1.53,2.38,1.67,2.25,,0.16,1.33,1.15,2.0,0.58,33.0,38.33,26.0,36.5,1.44,1.63,3.07,1.5,6.33,3.5,,7.0,,66.67,66.67,33.33,33.33,0.0,66.67,66.67,3.5,3.5,50.0,50.0,50.0,50.0,25.0,50.0,50.0,,,100.0,75.0,33.33,75.0
29U3jAlp,PORTUGAL - LIGA PORTUGAL 2,2024-01-06,08:00,RODADA 16,Nacional,Tondela,3.0,6.0,1.95,3.5,3.75,2.0,1.85,1.83,1.83,1.29,1.67,0.0,0.13,2.29,0.55,1.5,0.82,20.71,57.33,43.0,33.8,2.12,0.75,2.87,6.17,2.8,2.35,3.33,3.75,4.0,85.71,57.14,14.29,71.43,57.14,57.14,42.86,5.8,5.8,83.33,33.33,16.67,33.33,16.67,50.0,83.33,6.33,6.33,100.0,100.0,14.29,50.0
UFMkEDti,PORTUGAL - LIGA PORTUGAL 2,2024-01-06,08:00,RODADA 16,Oliveirense,Maritimo,14.0,4.0,5.0,3.75,1.67,1.88,1.98,1.83,1.83,2.29,1.29,0.09,0.14,1.14,1.18,2.14,0.68,55.0,35.86,34.17,25.75,0.89,1.88,2.77,4.33,6.0,2.54,1.75,5.25,4.0,71.43,42.86,28.57,28.57,28.57,85.71,85.71,6.4,6.4,71.43,42.86,28.57,71.43,28.57,57.14,57.14,7.4,7.4,85.71,100.0,42.86,71.43
fXhBnGU8,ITÁLIA - SERIE A,2024-01-06,08:30,RODADA 19,Inter,Verona,1.0,17.0,1.18,7.0,13.0,1.53,2.4,2.25,1.57,1.75,1.25,0.11,0.21,2.38,0.5,0.62,1.7,26.88,64.5,43.33,33.67,1.55,0.49,2.04,5.71,2.71,2.23,3.67,5.8,3.0,100.0,37.5,0.0,75.0,100.0,62.5,37.5,6.33,6.33,62.5,12.5,37.5,12.5,0.0,37.5,37.5,3.33,3.33,100.0,87.5,25.0,50.0
hl2yYVlI,INGLATERRA - LEAGUE ONE (3ª DIVISÃO),2024-01-06,09:30,RODADA 27,Fleetwood,Derby,24.0,4.0,5.0,3.8,1.67,1.85,1.95,1.8,1.95,0.8,1.3,0.78,0.27,0.4,2.42,2.2,0.6,34.0,35.67,26.67,44.6,0.45,1.7,2.15,0.5,2.9,,2.0,2.4,3.57,90.0,40.0,10.0,10.0,10.0,40.0,20.0,8.43,8.43,70.0,30.0,30.0,70.0,50.0,50.0,40.0,5.62,5.62,100.0,100.0,70.0,70.0
8fyFlhPj,INGLATERRA - LEAGUE TWO (4ª DIVISÃO),2024-01-06,10:00,RODADA 27,Harrogate,Doncaster,14.0,19.0,2.4,3.4,2.8,1.9,1.95,1.67,2.1,1.6,1.3,0.32,0.14,1.4,1.02,0.8,1.54,46.25,40.83,34.78,37.89,1.67,1.39,3.06,1.3,-1.3,3.04,4.0,4.33,5.2,80.0,40.0,20.0,40.0,30.0,60.0,70.0,4.75,4.75,90.0,40.0,10.0,20.0,20.0,70.0,60.0,6.14,6.14,100.0,90.0,60.0,30.0
0xSekX1t,TURQUIA - SUPER LIG,2024-01-06,10:00,RODADA 19,Basaksehir,Adana Demirspor,14.0,6.0,1.8,3.75,3.8,1.7,2.1,1.67,2.1,1.0,2.0,0.29,0.21,1.43,1.06,0.57,0.94,27.6,53.5,26.0,31.43,1.67,1.0,2.67,-0.33,-1.33,1.61,4.0,3.2,5.0,85.71,57.14,14.29,42.86,28.57,42.86,42.86,3.0,3.0,85.71,28.57,14.29,0.0,14.29,57.14,85.71,6.4,6.4,100.0,100.0,57.14,57.14
MBGZ7xKH,PORTUGAL - LIGA PORTUGAL 2,2024-01-06,11:00,RODADA 16,Penafiel,Vilaverdense,15.0,18.0,1.83,3.5,4.33,2.15,1.67,2.0,1.73,1.5,1.57,0.38,0.16,1.67,0.9,0.57,1.98,25.25,57.0,37.0,36.0,1.88,0.8,2.68,7.4,-0.33,4.0,3.0,4.0,4.5,66.67,16.67,33.33,50.0,33.33,50.0,33.33,4.5,4.5,71.43,14.29,28.57,14.29,14.29,28.57,28.57,5.4,5.4,83.33,100.0,33.33,28.57
CndvefnN,INGLATERRA - LEAGUE TWO (4ª DIVISÃO),2024-01-06,12:00,RODADA 27,Barrow,Tranmere,4.0,15.0,1.75,3.6,4.5,2.05,1.75,1.91,1.8,1.3,1.9,0.17,0.21,1.8,0.57,0.8,1.54,41.5,34.17,38.5,45.0,1.5,1.41,2.91,3.67,2.5,3.33,2.5,4.17,3.6,60.0,10.0,40.0,40.0,30.0,30.0,60.0,4.88,4.88,70.0,20.0,30.0,20.0,30.0,40.0,50.0,2.57,2.57,80.0,100.0,30.0,40.0
jwerfE1T,INGLATERRA - LEAGUE TWO (4ª DIVISÃO),2024-01-06,12:00,RODADA 27,Bradford City,Crawley,13.0,12.0,1.73,4.0,4.2,1.75,2.05,1.73,2.0,1.1,1.6,0.12,0.12,1.7,0.68,1.1,1.25,61.33,34.86,33.67,44.78,1.55,0.77,2.32,2.78,1.2,3.92,3.67,4.83,4.17,50.0,30.0,50.0,40.0,10.0,30.0,60.0,5.62,5.62,80.0,30.0,20.0,30.0,30.0,50.0,60.0,5.38,5.38,90.0,100.0,20.0,40.0
McPdDy2i,INGLATERRA - LEAGUE TWO (4ª DIVISÃO),2024-01-06,12:00,RODADA 27,Mansfield,Crewe,2.0,6.0,1.5,4.5,5.5,1.65,2.2,1.73,2.0,1.0,1.6,0.35,0.41,2.2,0.47,1.3,0.96,29.57,44.25,23.67,31.89,1.41,0.77,2.18,5.33,2.2,2.54,2.35,4.71,4.83,60.0,30.0,40.0,60.0,40.0,40.0,30.0,6.89,6.89,90.0,40.0,10.0,30.0,10.0,50.0,70.0,7.0,7.0,70.0,100.0,30.0,50.0
0plDizbL,INGLATERRA - LEAGUE TWO (4ª DIVISÃO),2024-01-06,12:00,RODADA 27,Milton Keynes,Wrexham,8.0,3.0,2.82,3.4,2.32,1.6,2.2,1.5,2.4,1.2,1.1,0.16,0.28,2.3,0.5,1.4,0.84,28.2,33.86,43.17,55.67,1.7,0.98,2.68,4.1,5.6,2.35,3.7,5.33,3.71,90.0,50.0,10.0,70.0,70.0,50.0,60.0,3.71,3.71,60.0,20.0,40.0,30.0,50.0,20.0,40.0,6.22,6.22,100.0,90.0,40.0,40.0
ILrIjfDR,INGLATERRA - LEAGUE TWO (4ª DIVISÃO),2024-01-06,12:00,RODADA 27,Newport,Accrington,18.0,9.0,2.6,3.5,2.5,1.73,2.0,1.57,2.25,2.0,1.9,0.12,0.1,1.6,0.79,1.1,1.25,43.33,34.0,45.5,42.11,2.04,1.75,3.79,6.6,2.1,2.26,1.88,4.33,3.17,70.0,40.0,30.0,40.0,40.0,70.0,80.0,3.5,3.5,60.0,40.0,40.0,30.0,20.0,50.0,60.0,4.88,4.88,90.0,100.0,40.0,50.0
0lO0CeHc,INGLATERRA - LEAGUE TWO (4ª DIVISÃO),2024-01-06,12:00,RODADA 27,Notts County,Sutton,5.0,23.0,1.51,4.33,5.54,1.5,2.4,1.57,2.25,2.2,2.4,0.13,0.11,2.1,0.69,0.5,1.94,20.78,62.0,47.62,44.67,1.75,0.8,2.55,2.1,1.5,2.12,2.2,5.33,2.2,90.0,70.0,10.0,70.0,60.0,90.0,70.0,6.75,6.75,60.0,20.0,40.0,10.0,10.0,60.0,70.0,2.86,2.86,100.0,100.0,60.0,60.0
IPI5BFW3,INGLATERRA - LEAGUE TWO (4ª DIVISÃO),2024-01-06,12:00,RODADA 27,Salford,Forest Green,21.0,24.0,2.15,3.5,3.2,1.83,2.03,1.67,2.1,1.6,1.6,0.31,0.2,0.3,1.61,0.8,1.54,38.57,54.33,27.89,25.0,1.62,1.96,3.58,-3.4,0.89,3.88,3.87,4.0,4.0,90.0,50.0,10.0,0.0,20.0,70.0,70.0,3.86,3.86,70.0,40.0,30.0,20.0,10.0,40.0,40.0,5.25,5.25,90.0,90.0,40.0,50.0
dGH9AZoA,INGLATERRA - LEAGUE TWO (4ª DIVISÃO),2024-01-06,12:00,RODADA 27,Swindon,Colchester,16.0,22.0,1.95,3.6,3.6,1.53,2.4,1.44,2.63,2.2,1.8,0.31,0.17,1.6,0.94,0.9,1.61,27.14,46.43,43.43,33.25,1.55,1.13,2.68,2.6,1.9,1.62,2.87,5.2,3.67,90.0,0.0,10.0,50.0,60.0,60.0,40.0,5.57,5.57,70.0,40.0,30.0,30.0,10.0,70.0,50.0,4.38,4.38,100.0,100.0,70.0,70.0
rDizdzXG,INGLATERRA - LEAGUE TWO (4ª DIVISÃO),2024-01-06,12:00,RODADA 27,Wimbledon,Grimsby,7.0,20.0,1.77,3.7,4.3,1.8,1.91,1.73,2.0,2.2,1.5,0.13,0.12,1.5,0.9,0.7,1.36,35.12,45.14,43.38,46.0,1.55,1.48,3.03,2.2,3.5,3.38,1.67,4.6,2.2,80.0,40.0,20.0,40.0,50.0,50.0,60.0,7.43,7.43,70.0,50.0,30.0,10.0,30.0,50.0,60.0,5.43,5.43,100.0,100.0,60.0,40.0
O8AKyEkg,INGLATERRA - LEAGUE ONE (3ª DIVISÃO),2024-01-06,12:00,RODADA 27,Bristol Rovers,Cambridge Utd,10.0,18.0,1.93,3.4,3.81,1.91,1.8,1.75,1.95,1.5,1.7,0.08,0.14,1.7,0.68,0.5,1.94,54.6,61.33,43.33,36.25,1.4,0.69,2.09,4.78,0.44,2.4,2.0,4.29,2.5,80.0,30.0,20.0,40.0,40.0,50.0,90.0,5.25,5.25,60.0,20.0,40.0,10.0,20.0,60.0,50.0,4.25,4.25,100.0,90.0,30.0,60.0
6XaPzY4a,INGLATERRA - LEAGUE ONE (3ª DIVISÃO),2024-01-06,12:00,RODADA 27,Burton,Wycombe,19.0,16.0,2.63,3.3,2.6,2.05,1.75,1.8,1.95,1.1,2.0,0.12,0.15,1.5,0.9,0.9,1.33,26.29,42.29,35.62,60.0,0.98,0.89,1.87,1.5,1.2,1.9,1.75,2.57,3.57,80.0,40.0,20.0,40.0,30.0,50.0,60.0,4.5,4.5,60.0,20.0,40.0,20.0,30.0,70.0,70.0,4.38,4.38,90.0,100.0,50.0,40.0
pObTZiK5,INGLATERRA - LEAGUE ONE (3ª DIVISÃO),2024-01-06,12:00,RODADA 27,Cheltenham,Portsmouth,23.0,1.0,4.5,3.8,1.73,1.95,1.85,1.91,1.91,0.9,1.3,0.27,0.13,1.1,1.25,1.9,0.63,35.33,44.71,38.43,56.0,0.89,0.98,1.87,1.8,5.1,4.0,2.65,3.17,4.83,80.0,30.0,20.0,30.0,30.0,30.0,30.0,3.5,3.5,50.0,30.0,50.0,50.0,40.0,50.0,40.0,6.14,6.14,100.0,70.0,40.0,60.0
Ec3XYBZB,INGLATERRA - LEAGUE ONE (3ª DIVISÃO),2024-01-06,12:00,RODADA 27,Exeter,Carlisle,21.0,22.0,2.1,3.25,3.6,2.3,1.6,2.0,1.75,0.8,1.1,0.43,0.27,1.3,0.96,0.3,1.61,59.2,23.75,31.4,45.2,1.26,0.4,1.66,2.2,-3.4,5.12,3.5,4.5,2.0,40.0,10.0,60.0,30.0,0.0,20.0,30.0,8.0,8.0,60.0,40.0,40.0,0.0,10.0,30.0,40.0,4.14,4.14,70.0,100.0,30.0,20.0
zDitXk4O,INGLATERRA - LEAGUE ONE (3ª DIVISÃO),2024-01-06,12:00,RODADA 27,Leyton Orient,Blackpool,12.0,8.0,3.15,3.45,2.18,2.05,1.75,1.83,1.88,1.1,1.2,0.31,0.59,1.7,0.83,0.6,1.61,32.25,39.5,39.67,36.5,1.39,0.63,2.02,6.4,0.7,3.1,2.0,4.0,2.8,90.0,40.0,10.0,50.0,40.0,40.0,40.0,5.5,5.5,80.0,20.0,20.0,10.0,20.0,50.0,30.0,3.86,3.86,100.0,90.0,40.0,30.0
nmepW9JU,INGLATERRA - LEAGUE ONE (3ª DIVISÃO),2024-01-06,12:00,RODADA 27,Lincoln,Shrewsbury,11.0,13.0,1.93,3.1,4.22,2.4,1.5,2.1,1.65,1.5,0.9,0.11,0.29,1.5,0.9,0.8,1.54,28.88,56.67,47.14,36.29,1.5,0.45,1.95,2.3,-0.3,2.4,2.5,4.67,2.17,70.0,30.0,30.0,40.0,40.0,50.0,50.0,3.0,3.0,70.0,20.0,30.0,20.0,20.0,20.0,10.0,4.12,4.12,100.0,90.0,40.0,20.0
KzQbkXJh,INGLATERRA - LEAGUE ONE (3ª DIVISÃO),2024-01-06,12:00,RODADA 27,Port Vale,Charlton,15.0,14.0,2.5,3.4,2.7,1.8,2.0,1.62,2.2,1.5,1.5,0.18,0.09,1.5,1.05,0.5,1.05,51.25,63.29,37.33,43.0,1.3,0.85,2.15,2.33,0.44,3.6,2.0,4.83,2.2,60.0,40.0,40.0,50.0,20.0,50.0,40.0,7.29,7.29,60.0,10.0,40.0,0.0,0.0,40.0,70.0,4.71,4.71,100.0,90.0,50.0,40.0
bRO2liZb,INGLATERRA - LEAGUE ONE (3ª DIVISÃO),2024-01-06,12:00,RODADA 27,Stevenage,Reading,7.0,20.0,1.64,3.8,4.96,1.85,1.85,1.85,1.85,1.1,1.6,0.16,0.09,1.8,0.57,0.5,1.94,34.5,45.57,49.2,39.6,2.04,0.85,2.89,6.0,1.4,2.5,4.0,3.83,3.5,60.0,40.0,40.0,40.0,50.0,40.0,50.0,6.5,6.5,70.0,50.0,30.0,10.0,20.0,70.0,70.0,5.88,5.88,80.0,100.0,30.0,50.0
G4xHvkoQ,PORTUGAL - LIGA PORTUGAL,2024-01-06,12:30,RODADA 16,Estrela da Amadora,Vizela,,16.0,2.55,3.25,2.7,2.1,1.7,1.91,1.91,2.43,1.83,0.2,0.17,0.86,1.71,1.0,1.1,46.5,55.0,49.0,42.25,1.1,1.62,2.72,-1.0,2.0,3.0,3.17,3.25,5.25,57.14,0.0,42.86,28.57,14.29,57.14,57.14,6.2,6.2,33.33,33.33,66.67,16.67,0.0,50.0,66.67,4.5,4.5,100.0,83.33,85.71,66.67
YqPrz9gs,PORTUGAL - LIGA PORTUGAL,2024-01-06,12:30,RODADA 16,Farense,Gil Vicente,8.0,14.0,2.1,3.4,3.3,1.75,2.05,1.62,2.2,1.0,2.17,0.15,0.12,1.57,0.89,0.0,,32.25,43.75,24.67,44.17,2.19,0.89,3.08,6.33,-2.0,1.44,3.17,5.0,3.25,71.43,42.86,28.57,42.86,42.86,57.14,28.57,7.8,7.8,66.67,50.0,33.33,0.0,16.67,83.33,66.67,2.5,2.5,71.43,100.0,28.57,66.67
t0T7kU3j,PORTUGAL - LIGA PORTUGAL 2,2024-01-06,12:30,RODADA 16,Benfica B,CF Os Belenenses,13.0,17.0,1.8,3.5,4.5,1.98,1.88,1.83,1.83,1.57,1.5,0.17,0.22,1.57,0.89,0.67,1.82,54.83,76.67,45.5,15.2,1.83,0.92,2.75,2.67,-0.2,2.72,3.5,4.0,5.67,57.14,28.57,42.86,42.86,14.29,42.86,71.43,5.0,5.0,83.33,33.33,16.67,16.67,0.0,50.0,33.33,5.25,5.25,100.0,100.0,57.14,50.0
KnKIBKKh,PORTUGAL - LIGA PORTUGAL 2,2024-01-06,12:30,RODADA 16,Santa Clara,Mafra,2.0,7.0,1.67,3.6,5.25,2.1,1.7,2.0,1.73,0.86,1.43,0.24,0.24,2.71,0.28,0.71,1.56,20.83,52.4,29.0,42.17,1.6,0.75,2.35,6.67,0.83,2.0,2.5,4.0,2.75,85.71,28.57,14.29,85.71,57.14,42.86,42.86,3.0,3.0,71.43,42.86,28.57,14.29,14.29,57.14,71.43,4.8,4.8,85.71,85.71,42.86,42.86
jRK8nVoa,TURQUIA - SUPER LIG,2024-01-06,13:00,RODADA 19,Ankaragucu,Trabzonspor,11.0,3.0,3.1,3.4,2.1,1.88,1.98,1.67,2.1,1.0,2.38,0.3,0.2,1.0,0.93,1.62,0.93,25.8,27.83,47.67,49.12,1.1,1.67,2.77,2.0,1.71,2.89,1.34,4.0,3.4,62.5,37.5,37.5,12.5,25.0,25.0,50.0,2.8,2.8,87.5,37.5,12.5,50.0,37.5,75.0,75.0,2.33,2.33,87.5,100.0,25.0,37.5
pQinVTGO,TURQUIA - SUPER LIG,2024-01-06,13:00,RODADA 19,Samsunspor,Karagumruk,18.0,17.0,2.1,3.3,3.1,2.03,1.83,1.8,1.91,1.71,0.71,0.2,0.35,1.57,0.89,0.71,1.56,50.6,55.0,45.83,40.83,1.2,1.18,2.38,1.83,0.67,2.5,2.75,4.0,3.0,71.43,28.57,28.57,42.86,14.29,57.14,71.43,7.6,7.6,85.71,28.57,14.29,14.29,14.29,28.57,57.14,5.6,5.6,85.71,100.0,57.14,42.86
0dfUGogJ,PORTUGAL - LIGA PORTUGAL,2024-01-06,15:00,RODADA 16,Arouca,Benfica,10.0,2.0,6.5,4.5,1.44,1.75,2.05,2.0,1.75,1.86,1.43,0.2,0.24,1.14,1.18,2.29,0.55,50.5,31.33,33.17,60.33,1.26,1.47,2.73,1.17,6.17,2.5,3.27,3.75,6.0,71.43,28.57,28.57,28.57,14.29,42.86,42.86,5.6,5.6,57.14,28.57,42.86,71.43,57.14,42.86,42.86,5.0,5.0,100.0,85.71,71.43,57.14
86LgDXec,PORTUGAL - LIGA PORTUGAL 2,2024-01-06,15:00,RODADA 16,Académico Viseu,Leiria,11.0,9.0,2.38,3.2,3.0,2.08,1.73,1.83,1.83,1.33,1.14,0.35,0.12,1.83,0.72,0.57,1.98,37.0,49.0,79.33,37.2,1.18,0.69,1.87,3.6,5.67,3.17,3.8,3.67,4.75,50.0,16.67,50.0,50.0,50.0,33.33,50.0,6.0,6.0,57.14,28.57,42.86,14.29,14.29,42.86,14.29,5.8,5.8,83.33,85.71,16.67,28.57
WCnkuYMr,ITÁLIA - SERIE A,2024-01-06,16:45,RODADA 19,Sassuolo,Fiorentina,16.0,4.0,3.1,3.4,2.2,1.73,2.08,1.62,2.2,1.75,1.25,0.12,0.35,0.88,1.55,1.75,0.79,22.4,22.67,49.88,41.0,0.92,1.79,2.71,1.57,1.86,2.04,2.31,5.2,3.6,75.0,37.5,25.0,25.0,50.0,62.5,62.5,7.67,7.67,100.0,25.0,0.0,50.0,50.0,37.5,50.0,5.5,5.5,100.0,100.0,75.0,25.0
M5eQHRwD,PORTUGAL - LIGA PORTUGAL,2024-01-06,17:30,RODADA 16,Braga,Vitória SC,4.0,5.0,1.53,4.33,5.5,1.62,2.25,1.75,2.0,2.17,1.17,0.31,0.12,1.67,0.9,1.67,0.9,50.8,14.5,22.33,59.4,1.39,1.3,2.69,1.0,3.8,2.67,2.17,6.0,2.25,100.0,16.67,0.0,50.0,16.67,66.67,83.33,7.0,7.0,83.33,33.33,16.67,50.0,66.67,50.0,50.0,6.75,6.75,100.0,100.0,66.67,16.67
UmvZNPhm,NORUEGA - ELITESERIEN,2024-04-06,13:00,RODADA 2,Bodo/Glimt,Viking,9.0,8.0,,,,,,,,1.9,1.8,0.08,0.06,2.5,0.43,1.9,0.76,30.78,44.88,21.14,46.0,2.05,1.79,3.84,7.8,-2.0,1.92,3.81,5.78,5.44,90.0,60.0,10.0,80.0,60.0,80.0,60.0,7.0,7.0,70.0,30.0,30.0,60.0,30.0,50.0,50.0,5.1,5.1,100.0,100.0,70.0,40.0
rHiFR4Ta,SUÉCIA - ALLSVENSKAN,2024-04-06,14:00,RODADA 2,Brommapojkarna,AIK Stockholm,4.0,11.0,,,,,,,,1.3,1.2,0.11,0.15,1.7,0.83,0.5,1.94,34.25,34.57,39.14,36.1,1.67,0.75,2.42,1.6,-0.4,3.5,4.71,5.38,3.8,70.0,50.0,30.0,50.0,30.0,70.0,60.0,5.5,5.5,80.0,60.0,20.0,10.0,10.0,60.0,70.0,5.3,5.3,90.0,100.0,60.0,40.0
pMPlBqqJ,SUÉCIA - ALLSVENSKAN,2024-04-06,14:00,RODADA 2,Djurgarden,Hacken,9.0,1.0,,,,,,,,1.0,2.0,0.35,0.16,2.0,0.67,0.8,1.54,38.12,51.5,13.75,48.1,1.5,0.49,1.99,8.0,0.1,4.19,2.8,5.2,5.56,60.0,30.0,40.0,60.0,30.0,40.0,30.0,5.7,5.7,70.0,10.0,30.0,20.0,20.0,60.0,60.0,6.1,6.1,90.0,100.0,30.0,40.0
h4lHdktc,AUSTRÁLIA - A-LEAGUE,2024-01-07,03:00,RODADA 11,Western United,Melbourne City,12.0,4.0,4.5,4.0,1.7,1.57,2.35,1.57,2.25,1.33,1.0,,,1.0,1.73,2.0,0.87,,25.0,64.0,46.5,0.67,1.15,1.82,1.0,4.0,,,,,33.33,0.0,66.67,33.33,0.0,33.33,33.33,,,66.67,33.33,33.33,66.67,33.33,33.33,33.33,,,100.0,100.0,100.0,33.33
Cz0ZXVW5,TURQUIA - SUPER LIG,2024-01-07,07:30,RODADA 19,Kayserispor,Sivasspor,4.0,10.0,1.95,3.4,3.5,1.88,1.98,1.73,2.0,1.5,1.62,0.26,0.19,1.88,0.66,1.25,1.19,46.67,19.0,41.0,40.14,1.7,1.2,2.9,6.0,4.29,2.78,2.78,3.8,4.5,50.0,12.5,50.0,50.0,25.0,25.0,37.5,6.33,6.33,100.0,62.5,0.0,37.5,37.5,62.5,62.5,3.6,3.6,75.0,100.0,25.0,50.0
GEDR9bk5,PORTUGAL - LIGA PORTUGAL 2,2024-01-07,08:00,RODADA 16,AVS,Leixoes,1.0,16.0,1.65,3.5,5.75,2.25,1.62,2.2,1.62,0.43,1.0,0.25,0.4,2.14,0.68,1.14,1.18,23.6,40.33,41.0,45.5,1.47,0.4,1.87,5.5,1.17,3.5,3.17,4.5,3.25,85.71,0.0,14.29,71.43,71.43,0.0,0.0,8.2,8.2,57.14,28.57,42.86,28.57,14.29,42.86,28.57,5.2,5.2,100.0,71.43,28.57,28.57
vPAOOCx2,ITÁLIA - SERIE A,2024-01-07,08:30,RODADA 19,Empoli,AC Milan,19.0,3.0,5.0,3.8,1.65,1.75,2.05,1.75,2.0,1.12,1.88,0.23,0.15,0.62,1.7,1.75,0.79,36.33,36.75,39.17,45.0,1.26,1.79,3.05,1.29,3.57,,2.4,2.8,4.2,50.0,12.5,50.0,12.5,12.5,12.5,25.0,4.83,4.83,87.5,75.0,12.5,50.0,50.0,75.0,75.0,3.17,3.17,87.5,100.0,62.5,75.0
jRbwXknC,TURQUIA - SUPER LIG,2024-01-07,10:00,RODADA 19,Istanbulspor,Fenerbahce,20.0,1.0,10.0,5.5,1.25,1.48,2.6,1.91,1.8,1.5,1.29,0.1,0.33,0.88,1.55,2.71,0.28,39.6,31.5,46.62,34.5,0.98,1.55,2.53,3.0,6.67,2.17,3.88,2.6,5.5,62.5,37.5,37.5,25.0,12.5,50.0,62.5,3.5,3.5,57.14,42.86,42.86,85.71,42.86,28.57,28.57,5.0,5.0,100.0,85.71,75.0,71.43
G4hWBlKn,GRÉCIA - SUPERLIGA,2024-01-07,10:00,RODADA 17,Panserraikos,Kifisias,11.0,13.0,2.2,3.3,3.4,1.9,1.9,1.75,2.0,1.2,1.8,0.0,0.07,1.6,0.84,0.2,2.24,39.75,75.0,46.75,33.0,1.91,0.63,2.54,3.25,-3.75,2.83,3.5,4.67,2.25,60.0,40.0,40.0,40.0,20.0,40.0,60.0,3.67,3.67,100.0,20.0,0.0,0.0,0.0,80.0,40.0,2.75,2.75,100.0,100.0,60.0,20.0
UDJDg74I,GRÉCIA - SUPERLIGA,2024-01-07,10:00,RODADA 17,Volos,Atromitos,10.0,8.0,2.4,3.3,3.0,1.9,1.9,1.7,2.05,2.29,1.71,0.12,0.11,0.71,1.56,0.71,1.56,33.2,51.25,49.14,28.86,1.73,1.26,2.99,1.33,0.83,3.62,5.0,5.5,4.0,57.14,42.86,42.86,14.29,14.29,85.71,71.43,4.0,4.0,100.0,57.14,0.0,14.29,0.0,71.43,57.14,3.71,3.71,100.0,100.0,85.71,28.57
0nigvhxk,ITÁLIA - SERIE A,2024-01-07,11:00,RODADA 19,Torino,Napoli,10.0,8.0,3.0,3.2,2.4,2.15,1.67,1.91,1.91,1.12,1.5,0.19,0.17,1.88,0.66,1.75,0.79,46.0,36.8,52.67,47.83,0.89,1.26,2.15,0.0,3.57,3.75,3.0,3.8,6.8,37.5,12.5,62.5,50.0,25.0,37.5,25.0,6.6,6.6,62.5,25.0,37.5,50.0,50.0,50.0,50.0,5.5,5.5,75.0,87.5,25.0,25.0
vwjcwCie,ITÁLIA - SERIE A,2024-01-07,11:00,RODADA 19,Udinese,Lazio,15.0,9.0,3.4,3.2,2.2,2.2,1.65,1.95,1.8,1.38,1.25,0.28,0.12,0.75,0.62,1.25,1.19,33.6,31.86,47.57,49.67,1.06,1.59,2.65,0.86,3.43,3.5,3.25,5.4,3.6,75.0,37.5,25.0,0.0,37.5,50.0,62.5,5.67,5.67,87.5,37.5,12.5,37.5,62.5,50.0,62.5,5.83,5.83,87.5,100.0,62.5,62.5
xOENAvza,PORTUGAL - LIGA PORTUGAL 2,2024-01-07,11:00,RODADA 16,Ferreira,FC Porto B,10.0,8.0,2.7,3.4,2.5,1.98,1.88,1.73,2.0,0.86,2.17,0.18,0.24,1.86,0.79,1.17,1.26,45.6,52.17,38.5,37.83,1.7,1.39,3.09,1.67,1.2,3.75,4.11,5.4,5.67,71.43,57.14,28.57,57.14,28.57,42.86,42.86,5.33,5.33,66.67,33.33,33.33,33.33,0.0,83.33,100.0,7.25,7.25,85.71,100.0,42.86,50.0
nVmSCU4t,GRÉCIA - SUPERLIGA,2024-01-07,12:00,RODADA 17,Panathinaikos,Panetolikos,2.0,12.0,1.22,6.0,15.0,1.53,2.4,2.1,1.67,1.8,0.71,0.14,0.16,2.0,0.71,0.29,1.71,17.2,41.0,27.5,22.67,2.57,0.57,3.14,2.75,-2.67,4.04,,9.0,3.75,100.0,80.0,0.0,60.0,60.0,100.0,40.0,5.25,5.25,85.71,42.86,14.29,0.0,0.0,57.14,42.86,3.83,3.83,100.0,85.71,20.0,28.57
AyDV8I4B,PORTUGAL - LIGA PORTUGAL 2,2024-01-07,12:30,RODADA 16,Feirense,Torreense,12.0,5.0,2.7,3.0,2.7,2.25,1.62,1.91,1.8,1.17,1.0,0.14,0.38,2.0,0.77,1.57,0.89,46.75,41.25,55.67,17.6,0.98,0.89,1.87,2.8,6.33,2.5,1.67,3.0,3.0,50.0,16.67,50.0,66.67,33.33,16.67,16.67,4.5,4.5,71.43,28.57,28.57,42.86,14.29,42.86,42.86,4.8,4.8,100.0,85.71,50.0,28.57
YklrW91I,TURQUIA - SUPER LIG,2024-01-07,13:00,RODADA 19,Galatasaray,Konyaspor,2.0,16.0,1.29,5.5,7.5,1.53,2.4,2.0,1.73,1.57,1.43,0.16,0.24,3.0,0.0,1.0,1.0,26.86,44.43,53.5,44.67,2.04,0.77,2.81,7.0,2.0,2.69,3.5,6.0,3.5,100.0,42.86,0.0,100.0,100.0,71.43,57.14,5.8,5.8,57.14,42.86,42.86,14.29,14.29,42.86,85.71,3.4,3.4,100.0,100.0,57.14,57.14
U30NqEER,ITÁLIA - SERIE A,2024-01-07,14:00,RODADA 19,Salernitana,Juventus,20.0,2.0,6.0,4.2,1.5,2.0,1.9,2.05,1.7,1.75,1.0,0.21,0.14,0.88,1.13,2.12,0.59,63.67,22.86,30.62,50.0,1.26,1.5,2.76,3.86,4.43,3.67,2.37,3.8,3.5,75.0,37.5,25.0,12.5,0.0,62.5,75.0,6.0,6.0,75.0,25.0,25.0,62.5,62.5,37.5,37.5,3.33,3.33,100.0,87.5,62.5,62.5
z9LaWQh6,PORTUGAL - LIGA PORTUGAL,2024-01-07,15:00,RODADA 16,Rio Ave,Portimonense,17.0,15.0,1.85,3.5,4.0,2.05,1.75,1.91,1.91,1.86,2.43,0.08,0.2,1.29,0.97,0.57,1.98,59.0,33.75,50.0,35.43,1.91,0.89,2.8,1.5,-0.5,1.88,2.0,3.6,2.4,42.86,14.29,57.14,28.57,14.29,28.57,57.14,5.0,5.0,85.71,28.57,14.29,14.29,28.57,57.14,57.14,3.2,3.2,100.0,100.0,14.29,28.57
nuBIpfaL,ITÁLIA - SERIE A,2024-01-07,16:45,RODADA 19,AS Roma,Atalanta,7.0,6.0,2.38,3.25,3.0,2.15,1.67,1.91,1.91,2.0,1.38,0.13,0.11,2.12,0.59,0.88,1.55,48.88,49.17,45.5,32.83,1.77,0.85,2.62,6.0,1.57,2.3,3.0,4.67,4.4,62.5,25.0,37.5,62.5,37.5,50.0,50.0,5.67,5.67,75.0,37.5,25.0,25.0,12.5,50.0,50.0,5.33,5.33,100.0,100.0,25.0,62.5
pKSnZS8m,PORTUGAL - LIGA PORTUGAL,2024-01-07,17:30,RODADA 16,Famalicao,Chaves,7.0,18.0,1.83,3.6,4.0,2.0,1.85,1.91,1.91,1.0,1.71,0.21,0.18,1.33,1.02,0.43,2.65,48.0,70.0,20.25,16.17,1.9,0.8,2.7,2.4,-4.5,3.89,6.75,4.25,5.2,66.67,66.67,33.33,33.33,16.67,50.0,50.0,8.25,8.25,71.43,57.14,28.57,14.29,0.0,71.43,28.57,5.5,5.5,83.33,100.0,33.33,42.86
Q1IMGMbo,ARÁBIA SAUDITA - LIGA PROFISSIONAL SAUDITA,2024-02-07,15:00,RODADA 19,Al-Taee,Al-Ittihad,,7.0,3.4,3.8,1.85,1.53,2.38,1.53,2.38,1.57,1.25,0.19,0.23,1.86,0.79,1.75,0.79,50.17,47.29,17.8,23.25,0.85,2.0,2.85,5.67,3.57,1.75,3.93,3.2,6.5,71.43,57.14,28.57,57.14,28.57,71.43,57.14,4.67,4.67,62.5,37.5,37.5,50.0,12.5,50.0,37.5,6.14,6.14,100.0,100.0,57.14,62.5
Wh81yuAl,AUSTRÁLIA - A-LEAGUE,2024-01-08,05:45,RODADA 12,Adelaide United,Macarthur FC,8.0,5.0,1.73,4.2,4.0,1.44,2.7,1.5,2.5,2.25,2.75,0.0,0.43,1.5,1.15,1.0,1.41,39.67,34.75,47.0,36.33,1.98,2.0,3.98,7.0,1.33,,,,,75.0,25.0,25.0,50.0,50.0,75.0,50.0,6.5,6.5,75.0,50.0,25.0,25.0,50.0,75.0,75.0,,,100.0,100.0,50.0,100.0
SrIiYnOg,PORTUGAL - LIGA PORTUGAL,2024-01-08,17:15,RODADA 16,Moreirense,Casa Pia,6.0,12.0,1.91,3.5,4.0,2.35,1.57,2.1,1.67,1.67,1.71,0.23,0.16,1.33,1.02,1.43,1.06,44.6,49.2,38.5,33.2,1.55,1.6,3.15,2.0,4.5,2.88,3.78,3.25,4.25,50.0,50.0,50.0,33.33,33.33,50.0,66.67,4.75,4.75,71.43,28.57,28.57,42.86,42.86,57.14,42.86,5.8,5.8,83.33,100.0,33.33,42.86
EsZEwMX9,ÁUSTRIA - BUNDESLIGA,2024-02-09,16:30,RODADA 18,Red Bull Salzburg,Sturm Graz,1.0,2.0,1.83,3.75,4.2,1.73,2.08,1.67,2.1,1.29,1.29,0.38,0.17,2.14,0.68,2.0,0.65,43.0,40.86,35.33,38.8,1.26,1.13,2.39,3.0,5.17,2.56,2.9,4.8,3.8,57.14,28.57,42.86,71.43,28.57,28.57,14.29,5.17,5.17,85.71,42.86,14.29,57.14,28.57,57.14,71.43,3.83,3.83,100.0,100.0,42.86,42.86
jNShWwQq,ÁUSTRIA - BUNDESLIGA,2024-02-10,13:00,RODADA 18,Altach,BW Linz,10.0,9.0,2.2,3.5,3.1,2.05,1.8,1.8,1.95,1.14,1.86,0.43,0.15,1.43,1.06,0.86,1.71,45.25,31.25,39.5,28.17,1.62,0.4,2.02,3.67,-2.0,4.33,2.56,5.0,3.5,42.86,14.29,57.14,42.86,28.57,42.86,28.57,6.0,6.0,71.43,57.14,28.57,28.57,28.57,57.14,42.86,2.86,2.86,85.71,100.0,42.86,57.14
lEtRzKHS,ÁUSTRIA - BUNDESLIGA,2024-02-10,13:00,RODADA 18,Austria Vienna,Hartberg,8.0,4.0,2.1,3.75,3.1,1.8,2.0,1.7,2.05,0.71,1.57,0.21,0.25,1.57,0.62,1.29,0.97,43.33,29.5,,35.25,1.26,0.0,1.26,2.67,2.5,2.25,2.5,4.4,4.4,28.57,28.57,71.43,28.57,14.29,28.57,14.29,5.33,5.33,57.14,42.86,42.86,28.57,28.57,57.14,57.14,4.67,4.67,42.86,85.71,14.29,71.43
84YIxtmG,ÁUSTRIA - BUNDESLIGA,2024-02-11,13:00,RODADA 18,LASK,A. Klagenfurt,3.0,5.0,1.57,4.2,5.25,1.62,2.25,1.7,2.05,1.0,1.86,0.39,0.15,2.71,0.28,2.0,0.65,42.33,29.8,,28.75,0.85,0.0,0.85,6.67,7.83,3.6,2.04,5.67,4.33,57.14,14.29,42.86,85.71,57.14,14.29,14.29,6.29,6.29,85.71,28.57,14.29,57.14,42.86,71.43,42.86,3.86,3.86,85.71,85.71,14.29,57.14
GC8r7r72,AUSTRÁLIA - A-LEAGUE,2024-01-12,03:30,RODADA 27,Macarthur FC,Western United,5.0,12.0,1.75,4.0,4.0,1.5,2.5,1.5,2.5,2.0,1.6,0.0,0.32,1.75,0.86,0.6,2.24,50.0,32.5,43.33,39.0,2.12,1.18,3.3,0.0,-1.25,6.5,,6.5,4.0,50.0,25.0,50.0,50.0,0.0,50.0,50.0,5.5,5.5,60.0,60.0,40.0,20.0,0.0,80.0,40.0,4.33,4.33,100.0,100.0,50.0,20.0
f37n62M8,AUSTRÁLIA - A-LEAGUE,2024-01-12,06:15,RODADA 27,Melbourne City,WS Wanderers,4.0,3.0,1.85,4.0,3.6,1.53,2.4,1.53,2.38,3.0,2.0,0.08,,1.2,0.91,0.67,0.87,41.75,53.5,56.67,40.33,1.9,1.46,3.36,1.25,2.0,4.75,,6.0,,40.0,0.0,60.0,20.0,40.0,60.0,60.0,5.67,5.67,66.67,66.67,33.33,0.0,0.0,66.67,66.67,,,80.0,100.0,40.0,66.67
beE6AVuG,PORTUGAL - LIGA PORTUGAL 2,2024-01-12,15:00,RODADA 17,Leixoes,Oliveirense,16.0,14.0,,,,,,,,0.83,1.17,0.63,0.18,1.0,1.1,1.17,1.26,72.0,45.75,34.0,31.6,0.8,0.57,1.37,2.6,3.2,4.67,3.0,4.0,3.5,50.0,0.0,50.0,16.67,16.67,16.67,33.33,4.8,4.8,83.33,33.33,16.67,33.33,33.33,50.0,50.0,4.2,4.2,66.67,100.0,16.67,33.33
lpunGGW4,PAÍSES BAIXOS - EREDIVISIE,2024-01-12,16:00,RODADA 17,Waalwijk,Heracles,16.0,15.0,1.95,3.5,3.6,1.7,2.1,1.62,2.2,2.0,2.29,0.23,0.21,0.57,1.98,0.71,1.56,33.4,48.4,50.86,28.0,1.47,1.9,3.37,0.17,6.67,2.67,2.17,3.25,4.25,100.0,28.57,0.0,14.29,42.86,85.71,71.43,3.4,3.4,85.71,42.86,14.29,14.29,14.29,71.43,57.14,4.5,4.5,100.0,100.0,71.43,57.14
M5yDe6aq,ALEMANHA - BUNDESLIGA,2024-01-12,16:30,RODADA 17,Bayern,Hoffenheim,2.0,7.0,1.14,9.0,12.0,1.25,4.0,1.75,2.0,2.33,2.0,0.05,0.15,2.67,0.31,1.86,0.79,11.83,33.29,59.0,41.5,2.31,1.41,3.72,12.6,6.67,2.61,1.75,9.0,4.75,100.0,83.33,0.0,83.33,83.33,100.0,50.0,7.8,7.8,85.71,57.14,14.29,57.14,57.14,71.43,85.71,5.0,5.0,100.0,100.0,50.0,71.43
j9FLQod9,ITÁLIA - SERIE B,2024-01-12,16:30,RODADA 20,Catanzaro,Lecco,7.0,16.0,1.8,3.5,4.5,1.95,1.9,1.8,1.95,1.62,1.11,0.16,0.14,1.62,0.93,0.78,1.25,25.86,33.0,28.0,42.71,1.26,0.89,2.15,4.71,0.75,4.29,3.83,5.0,4.6,75.0,62.5,25.0,50.0,25.0,62.5,50.0,5.0,5.0,77.78,11.11,22.22,11.11,33.33,44.44,44.44,4.71,4.71,100.0,77.78,37.5,22.22
rsHzcfnt,ESPANHA - LALIGA2,2024-01-12,16:30,RODADA 22,Eibar,Racing Santander,7.0,6.0,1.8,3.6,4.33,2.03,1.83,1.83,1.83,1.44,1.67,0.15,0.13,1.78,0.68,1.11,1.05,33.5,40.33,38.88,31.38,2.28,1.33,3.61,6.62,0.88,2.52,4.08,5.6,4.67,100.0,33.33,0.0,44.44,55.56,44.44,77.78,5.57,5.57,77.78,44.44,22.22,22.22,11.11,44.44,66.67,4.29,4.29,100.0,88.89,55.56,44.44
bc9CDMFE,FRANÇA - LIGUE 1,2024-01-12,17:00,RODADA 18,Marseille,Strasbourg,6.0,9.0,1.5,4.5,5.75,1.86,2.04,1.95,1.8,0.71,1.14,0.16,0.1,2.43,0.4,1.0,1.41,19.2,66.25,34.0,30.33,1.79,0.57,2.36,4.33,-0.33,2.0,,4.75,0.75,71.43,57.14,28.57,71.43,57.14,57.14,28.57,5.5,5.5,85.71,42.86,14.29,28.57,14.29,57.14,42.86,3.0,3.0,71.43,100.0,28.57,28.57
4OL5wzh8,INGLATERRA - CHAMPIONSHIP,2024-01-12,17:00,RODADA 27,Hull,Norwich,7.0,13.0,2.05,3.6,3.4,1.83,2.03,1.67,2.1,1.4,1.8,0.21,0.16,1.8,0.73,0.9,1.33,36.25,26.78,45.57,34.78,2.16,1.34,3.5,7.8,-0.8,3.95,2.29,4.33,4.0,70.0,40.0,30.0,50.0,30.0,50.0,60.0,6.14,6.14,90.0,80.0,10.0,20.0,30.0,80.0,80.0,4.38,4.38,90.0,100.0,40.0,80.0
h67VqpN5,PORTUGAL - LIGA PORTUGAL,2024-01-12,17:15,RODADA 17,Portimonense,Farense,15.0,8.0,2.6,3.3,2.75,2.05,1.82,1.75,2.0,1.0,1.67,0.32,0.16,1.33,1.02,1.17,1.26,48.33,32.25,28.6,49.83,1.39,1.8,3.19,1.0,2.8,4.75,1.38,4.75,2.75,100.0,66.67,0.0,33.33,33.33,50.0,83.33,5.2,5.2,66.67,33.33,33.33,33.33,16.67,50.0,66.67,3.6,3.6,100.0,100.0,16.67,33.33
zN6XDfNO,MÉXICO - LIGA MX,2024-01-12,22:00,ENCERRAMENTO ,Querétaro,Toluca,14.0,9.0,2.75,3.2,2.55,1.88,1.98,1.75,2.0,1.14,1.14,0.21,0.39,1.0,1.0,0.71,1.56,59.5,55.4,40.8,37.17,1.0,0.98,1.98,1.17,0.83,3.17,3.8,3.17,4.67,71.43,0.0,28.57,14.29,28.57,28.57,71.43,4.71,4.71,85.71,42.86,14.29,14.29,14.29,42.86,57.14,4.71,4.71,85.71,100.0,0.0,57.14
QonsYc8t,MÉXICO - LIGA MX,2024-01-13,00:00,ENCERRAMENTO ,Mazatlan FC,Atlético San Luis,18.0,5.0,2.55,3.3,2.63,1.75,2.05,1.62,2.2,1.75,2.33,0.11,0.09,1.75,0.79,1.22,1.14,44.71,51.56,44.6,42.0,1.4,1.55,2.95,6.86,2.0,2.92,3.5,4.14,5.29,50.0,25.0,50.0,50.0,37.5,62.5,50.0,2.88,2.88,66.67,22.22,33.33,33.33,22.22,66.67,77.78,3.71,3.71,100.0,100.0,37.5,77.78
lQ6j5MyF,AUSTRÁLIA - A-LEAGUE,2024-01-13,03:15,RODADA 27,Central Coast Mariners,Melbourne Victory,6.0,1.0,2.5,3.5,2.63,1.53,2.4,1.5,2.5,1.8,2.25,0.16,0.16,1.4,1.08,2.0,0.58,38.6,38.33,49.25,36.5,1.66,1.67,3.33,4.75,6.33,,,,,80.0,60.0,20.0,40.0,40.0,100.0,80.0,5.33,5.33,50.0,50.0,50.0,50.0,25.0,50.0,50.0,,,100.0,75.0,40.0,75.0
CAr0F8AE,INGLATERRA - PREMIER LEAGUE,2024-01-13,09:30,RODADA 21,Chelsea,Fulham,10.0,13.0,1.6,3.8,5.5,1.62,2.25,1.67,2.1,1.78,2.0,0.14,0.19,1.67,0.79,0.56,1.82,26.0,40.2,47.0,40.71,1.9,0.57,2.47,7.5,1.62,3.06,2.5,4.6,3.4,66.67,44.44,33.33,44.44,33.33,55.56,55.56,4.5,4.5,66.67,33.33,33.33,11.11,11.11,66.67,44.44,3.5,3.5,100.0,88.89,66.67,55.56
voUJFWa1,INGLATERRA - CHAMPIONSHIP,2024-01-13,09:30,RODADA 27,Coventry,Leicester,8.0,1.0,3.6,3.5,2.0,1.9,1.95,1.73,2.0,1.1,1.3,0.38,0.23,1.8,0.57,2.3,0.5,38.88,29.11,51.25,51.88,1.1,1.04,2.14,5.0,4.5,2.33,2.94,4.0,6.0,60.0,10.0,40.0,40.0,40.0,20.0,40.0,6.67,6.67,80.0,40.0,20.0,70.0,60.0,50.0,70.0,3.75,3.75,80.0,100.0,10.0,30.0
dnGHRRt3,ITÁLIA - SERIE B,2024-01-13,10:00,RODADA 20,Bari,Ternana,11.0,17.0,2.1,3.25,3.6,2.2,1.65,2.0,1.75,1.12,2.12,0.19,0.06,1.38,0.77,1.0,1.31,54.2,38.29,49.4,33.5,1.15,1.2,2.35,1.57,-0.86,3.25,4.5,3.6,4.75,37.5,25.0,62.5,25.0,0.0,37.5,50.0,6.17,6.17,75.0,62.5,25.0,25.0,0.0,87.5,87.5,5.4,5.4,75.0,100.0,37.5,75.0
lfYOP5BF,ITÁLIA - SERIE B,2024-01-13,10:00,RODADA 20,Cittadella,Palermo,4.0,6.0,2.15,3.2,3.4,2.25,1.62,1.95,1.8,1.33,1.88,0.14,0.22,2.22,0.54,1.62,0.73,29.71,32.83,25.33,49.8,1.34,1.26,2.6,1.12,4.71,2.29,2.44,4.0,3.6,88.89,44.44,11.11,66.67,66.67,66.67,55.56,4.71,4.71,62.5,25.0,37.5,37.5,37.5,37.5,50.0,5.67,5.67,88.89,87.5,66.67,50.0
Uing8wtr,ITÁLIA - SERIE B,2024-01-13,10:00,RODADA 20,Como,Spezia,3.0,19.0,1.85,3.3,4.5,2.1,1.7,1.95,1.8,2.25,2.0,0.16,0.27,2.12,0.59,0.67,1.5,36.25,27.8,45.0,38.0,2.24,1.3,3.54,6.0,-0.25,3.1,2.08,4.0,4.67,75.0,12.5,25.0,62.5,50.0,75.0,75.0,3.83,3.83,66.67,33.33,33.33,11.11,33.33,77.78,55.56,4.43,4.43,100.0,88.89,62.5,44.44
GxAWDGqp,ITÁLIA - SERIE B,2024-01-13,10:00,RODADA 20,Modena,Brescia,8.0,9.0,2.1,3.25,3.75,2.35,1.57,2.05,1.7,1.12,1.12,0.25,0.15,1.75,0.79,1.5,0.87,17.2,38.0,49.8,26.2,0.69,1.06,1.75,5.57,3.57,2.5,3.17,3.8,4.2,62.5,12.5,37.5,50.0,37.5,25.0,37.5,6.83,6.83,62.5,37.5,37.5,37.5,12.5,25.0,50.0,4.67,4.67,87.5,87.5,50.0,50.0
bXwA4eu7,ITÁLIA - SERIE B,2024-01-13,10:00,RODADA 20,Sudtirol,FeralpiSalo,15.0,20.0,2.05,3.2,3.6,2.4,1.53,2.05,1.7,2.0,1.89,0.13,0.09,1.0,1.31,0.89,1.43,50.2,40.67,38.29,37.44,1.9,1.47,3.37,2.71,2.62,1.22,4.33,3.0,3.17,62.5,25.0,37.5,25.0,0.0,62.5,62.5,2.67,2.67,77.78,11.11,22.22,22.22,22.22,66.67,66.67,5.14,5.14,87.5,100.0,75.0,33.33
W2iMwXoI,ESPANHA - LALIGA2,2024-01-13,10:00,RODADA 22,Alcorcón,Mirandes,20.0,13.0,2.55,3.1,2.9,2.25,1.62,1.91,1.8,1.22,1.33,0.24,0.27,0.89,1.43,0.89,1.04,42.5,53.0,46.57,40.5,0.53,0.69,1.22,-1.0,1.0,3.67,1.62,3.5,3.83,66.67,11.11,33.33,22.22,22.22,22.22,33.33,4.57,4.57,44.44,44.44,55.56,11.11,0.0,44.44,44.44,4.14,4.14,88.89,77.78,55.56,44.44
MqUIEo6L,ALEMANHA - BUNDESLIGA,2024-01-13,11:30,RODADA 17,Augsburg,Leverkusen,11.0,1.0,5.5,4.75,1.5,1.5,2.63,1.62,2.2,1.43,1.5,0.21,0.13,1.43,0.79,2.33,0.44,39.43,20.0,36.0,36.0,1.2,1.99,3.19,3.17,8.2,2.0,2.54,4.25,6.25,85.71,57.14,14.29,28.57,28.57,71.43,100.0,4.2,4.2,100.0,83.33,0.0,66.67,50.0,83.33,66.67,4.8,4.8,100.0,100.0,57.14,66.67
fXlKgpUe,ALEMANHA - BUNDESLIGA,2024-01-13,11:30,RODADA 17,Freiburg,Union Berlin,8.0,15.0,2.1,3.5,3.25,2.05,1.85,1.8,1.95,1.33,1.67,0.2,0.32,1.83,0.72,0.5,2.45,31.67,13.67,17.25,24.83,2.19,1.34,3.53,5.0,4.6,2.17,3.0,5.0,4.5,83.33,66.67,16.67,50.0,50.0,50.0,66.67,6.4,6.4,100.0,50.0,0.0,16.67,33.33,83.33,50.0,4.4,4.4,100.0,100.0,50.0,33.33
lWVAG7y9,ALEMANHA - BUNDESLIGA,2024-01-13,11:30,RODADA 17,Köln,Heidenheim,17.0,9.0,2.0,3.6,3.6,1.73,2.1,1.62,2.2,1.33,1.57,0.41,0.2,0.83,1.4,0.57,1.98,35.25,48.6,34.2,17.33,1.55,1.06,2.61,0.0,-1.33,5.92,2.0,7.25,2.5,66.67,33.33,33.33,16.67,16.67,50.0,66.67,8.0,8.0,100.0,57.14,0.0,14.29,14.29,57.14,57.14,4.6,4.6,83.33,100.0,33.33,71.43
YNmOh4q2,ALEMANHA - BUNDESLIGA,2024-01-13,11:30,RODADA 17,Mainz,Wolfsburg,16.0,10.0,2.15,3.5,3.2,1.84,2.06,1.67,2.1,1.5,1.86,0.25,0.12,0.67,1.82,0.86,1.71,53.25,48.0,47.6,45.0,1.34,1.13,2.47,-0.4,2.5,3.62,5.0,4.0,5.0,50.0,16.67,50.0,16.67,16.67,33.33,50.0,3.75,3.75,57.14,42.86,42.86,28.57,14.29,71.43,57.14,3.6,3.6,100.0,100.0,33.33,57.14
0dzHfQEk,ALEMANHA - BUNDESLIGA,2024-01-13,11:30,RODADA 17,RB Leipzig,Frankfurt,4.0,6.0,1.5,4.33,6.5,1.53,2.5,1.67,2.1,1.57,1.57,0.35,0.15,2.71,0.28,1.29,0.97,23.5,50.17,41.75,32.67,2.53,0.92,3.45,9.67,5.33,2.12,2.67,8.75,4.0,85.71,71.43,14.29,85.71,42.86,85.71,57.14,6.4,6.4,85.71,28.57,14.29,28.57,28.57,71.43,71.43,3.4,3.4,85.71,100.0,57.14,42.86
z7UzyyX2,INGLATERRA - CHAMPIONSHIP,2024-01-13,12:00,RODADA 27,Birmingham,Swansea,20.0,16.0,2.45,3.4,2.8,1.85,2.0,1.67,2.1,1.6,2.0,0.21,0.11,1.7,0.83,0.6,1.61,33.12,30.75,39.12,40.44,1.55,1.18,2.73,3.8,-0.2,1.75,2.38,3.71,2.6,80.0,50.0,20.0,50.0,40.0,70.0,70.0,6.25,6.25,80.0,30.0,20.0,10.0,30.0,60.0,70.0,4.57,4.57,90.0,100.0,70.0,60.0
EcTvzen9,INGLATERRA - CHAMPIONSHIP,2024-01-13,12:00,RODADA 27,Cardiff,Leeds,9.0,4.0,5.25,3.8,1.65,1.7,2.1,1.73,2.0,1.7,1.3,0.15,0.11,1.3,1.15,1.1,1.25,44.0,35.4,37.25,49.75,1.39,1.2,2.59,0.6,0.4,2.87,1.81,5.2,4.33,70.0,30.0,30.0,40.0,20.0,50.0,50.0,5.0,5.0,50.0,30.0,50.0,30.0,20.0,40.0,40.0,5.14,5.14,100.0,90.0,70.0,40.0
jLXNEjF7,INGLATERRA - CHAMPIONSHIP,2024-01-13,12:00,RODADA 27,Huddersfield,Plymouth,21.0,18.0,2.38,3.4,2.9,1.62,2.25,1.5,2.5,1.5,1.3,0.15,0.25,1.1,1.25,0.4,1.29,40.86,43.67,32.88,31.29,1.41,1.62,3.03,5.2,-0.6,2.5,4.0,4.83,4.33,80.0,50.0,20.0,30.0,30.0,70.0,50.0,4.14,4.14,50.0,40.0,50.0,0.0,0.0,60.0,60.0,6.0,6.0,100.0,70.0,50.0,60.0
0jFEyEMK,INGLATERRA - CHAMPIONSHIP,2024-01-13,12:00,RODADA 27,Millwall,Middlesbrough,15.0,12.0,2.63,3.4,2.55,2.05,1.8,1.8,1.91,1.2,2.4,0.15,0.11,1.4,1.02,1.3,1.15,28.0,48.5,45.33,46.67,1.41,1.26,2.67,6.1,2.1,3.67,3.15,4.33,4.83,80.0,20.0,20.0,40.0,40.0,50.0,30.0,5.86,5.86,60.0,20.0,40.0,40.0,10.0,80.0,70.0,6.43,6.43,100.0,100.0,40.0,40.0
vsEIzYyR,INGLATERRA - CHAMPIONSHIP,2024-01-13,12:00,RODADA 27,Preston,Bristol City,14.0,11.0,2.2,3.5,3.1,2.05,1.8,1.8,1.91,2.0,1.2,0.11,0.32,1.7,0.83,0.9,1.33,36.78,55.17,47.6,38.62,1.3,1.18,2.48,4.0,-0.8,1.92,2.0,3.5,1.6,70.0,40.0,30.0,50.0,10.0,80.0,90.0,5.29,5.29,60.0,20.0,40.0,20.0,10.0,30.0,50.0,3.43,3.43,100.0,90.0,70.0,30.0
dM0pWipr,INGLATERRA - CHAMPIONSHIP,2024-01-13,12:00,RODADA 27,Rotherham,Stoke,24.0,19.0,3.5,3.6,2.0,1.83,2.03,1.67,2.1,1.6,0.9,0.11,0.18,1.1,1.0,1.0,1.15,46.33,24.0,38.25,33.25,1.3,1.13,2.43,1.8,-0.1,1.67,2.0,2.67,2.8,60.0,30.0,40.0,20.0,10.0,40.0,70.0,4.71,4.71,90.0,60.0,10.0,20.0,20.0,30.0,50.0,5.0,5.0,100.0,90.0,30.0,30.0
AP4lVBal,INGLATERRA - CHAMPIONSHIP,2024-01-13,12:00,RODADA 27,Southampton,Sheffield Wednesday,3.0,22.0,1.55,4.33,5.25,1.88,1.98,1.91,1.8,2.0,1.7,0.2,0.32,2.2,0.6,0.3,3.16,27.78,55.8,40.43,42.56,2.5,0.49,2.99,6.0,-0.7,3.67,1.5,6.4,1.83,80.0,40.0,20.0,70.0,40.0,80.0,60.0,6.71,6.71,60.0,40.0,40.0,10.0,0.0,60.0,40.0,5.86,5.86,100.0,100.0,60.0,50.0
WvgcTkU0,INGLATERRA - CHAMPIONSHIP,2024-01-13,12:00,RODADA 27,West Bromwich,Blackburn,5.0,17.0,1.8,3.6,4.33,1.9,1.95,1.8,1.91,1.3,2.0,0.28,0.08,2.4,0.4,1.6,0.94,27.0,29.86,39.0,39.57,1.7,0.85,2.55,7.1,1.3,1.67,2.26,3.14,4.57,60.0,30.0,40.0,70.0,40.0,30.0,40.0,5.62,5.62,80.0,40.0,20.0,50.0,30.0,80.0,40.0,4.88,4.88,80.0,100.0,30.0,50.0
6iSAnV3B,INGLATERRA - LEAGUE ONE (3ª DIVISÃO),2024-01-13,12:00,RODADA 28,Barnsley,Bristol Rovers,6.0,10.0,1.83,3.5,4.33,1.75,2.05,1.7,2.05,2.0,1.8,0.21,0.16,1.7,0.83,1.3,1.15,38.6,49.33,27.83,50.25,2.19,1.1,3.29,3.5,-0.6,3.4,3.6,6.0,4.17,80.0,50.0,20.0,50.0,40.0,70.0,60.0,5.5,5.5,60.0,30.0,40.0,40.0,20.0,60.0,70.0,3.5,3.5,100.0,100.0,30.0,60.0
G8l55yQ0,ITÁLIA - SERIE B,2024-01-13,12:15,RODADA 20,Pisa,Reggiana,13.0,12.0,1.95,3.25,4.2,2.35,1.57,2.05,1.7,1.0,1.62,0.2,0.22,1.25,0.93,1.38,1.02,38.71,32.6,39.67,31.83,1.2,1.55,2.75,1.43,3.14,2.6,2.5,3.2,4.0,87.5,12.5,12.5,25.0,37.5,37.5,75.0,5.17,5.17,75.0,25.0,25.0,37.5,12.5,62.5,50.0,3.0,3.0,87.5,87.5,12.5,50.0
4d5qeYGh,ESPANHA - LALIGA2,2024-01-13,12:15,RODADA 22,Levante,Albacete,8.0,16.0,2.4,3.25,2.9,2.25,1.62,2.0,1.73,1.67,1.89,0.12,0.45,1.67,0.79,0.56,1.82,34.44,49.8,32.0,30.89,1.9,0.94,2.84,3.88,-0.38,3.53,3.0,5.17,3.4,66.67,66.67,33.33,44.44,44.44,66.67,88.89,4.71,4.71,88.89,33.33,11.11,11.11,11.11,44.44,55.56,5.29,5.29,100.0,100.0,55.56,22.22
SzvjFznB,PAÍSES BAIXOS - EREDIVISIE,2024-01-13,12:30,RODADA 17,Sittard,Sparta Rotterdam,10.0,7.0,2.45,3.2,3.0,1.95,1.9,1.67,2.1,1.29,1.29,0.14,0.14,2.29,0.55,1.43,1.06,32.2,39.0,48.4,38.8,1.55,1.3,2.85,7.17,0.5,3.58,3.5,5.5,4.5,71.43,42.86,28.57,71.43,42.86,71.43,57.14,7.0,7.0,57.14,42.86,42.86,42.86,28.57,57.14,57.14,4.6,4.6,85.71,85.71,71.43,42.86
SWDGCtVK,FRANÇA - LIGUE 1,2024-01-13,13:00,RODADA 18,Monaco,Reims,3.0,8.0,1.75,3.8,4.33,1.6,2.3,1.62,2.2,1.0,1.62,0.0,0.11,2.14,0.68,1.0,1.31,22.2,40.71,59.67,37.43,1.59,0.77,2.36,3.0,2.14,3.21,3.0,6.4,3.6,71.43,42.86,28.57,71.43,57.14,42.86,14.29,6.0,6.0,62.5,50.0,37.5,25.0,12.5,62.5,75.0,5.67,5.67,100.0,100.0,42.86,62.5
vLOND5LR,ALEMANHA - BUNDESLIGA,2024-01-13,14:30,RODADA 17,Darmstadt,Dortmund,18.0,5.0,5.0,4.5,1.57,1.44,2.75,1.53,2.38,1.57,1.17,0.28,0.24,0.71,1.56,1.5,0.82,22.0,26.83,45.83,37.83,1.18,1.9,3.08,0.83,3.2,2.73,2.06,5.0,4.67,57.14,57.14,42.86,14.29,28.57,57.14,57.14,5.0,5.0,100.0,66.67,0.0,33.33,33.33,50.0,100.0,4.0,4.0,85.71,100.0,57.14,33.33
0YaxdK9g,INGLATERRA - PREMIER LEAGUE,2024-01-13,14:30,RODADA 21,Newcastle,Manchester City,9.0,3.0,5.0,4.0,1.65,1.65,2.2,1.67,2.1,1.89,2.22,0.16,0.22,2.33,0.57,2.11,0.65,34.56,39.86,40.0,54.86,1.91,1.9,3.81,0.62,6.0,3.27,3.88,6.4,8.6,55.56,44.44,44.44,77.78,33.33,66.67,44.44,4.83,4.83,66.67,22.22,33.33,66.67,22.22,77.78,55.56,7.83,7.83,100.0,100.0,22.22,33.33
Ia9mfhWb,ESPANHA - LALIGA2,2024-01-13,14:30,RODADA 22,R. Oviedo,Amorebieta,10.0,21.0,1.53,4.0,6.5,2.35,1.57,2.5,1.5,1.33,1.89,0.2,0.12,2.0,0.61,0.22,1.98,54.0,41.4,34.0,43.67,1.98,0.98,2.96,2.25,-1.75,3.33,2.5,3.0,2.67,55.56,11.11,44.44,55.56,11.11,33.33,44.44,5.43,5.43,77.78,33.33,22.22,0.0,33.33,55.56,55.56,5.0,5.0,88.89,100.0,33.33,44.44
CM8igCo5,ESPANHA - LALIGA2,2024-01-13,14:30,RODADA 22,Tenerife,Elche,9.0,12.0,2.15,3.2,3.5,2.6,1.48,2.2,1.62,0.78,1.0,0.78,0.22,2.11,0.65,1.0,1.22,40.33,36.14,56.33,32.43,0.8,0.63,1.43,4.38,1.75,3.0,2.8,3.86,2.5,44.44,11.11,55.56,66.67,33.33,11.11,11.11,5.75,5.75,88.89,33.33,11.11,22.22,33.33,22.22,55.56,3.86,3.86,88.89,100.0,33.33,44.44
McwfEf1H,PAÍSES BAIXOS - EREDIVISIE,2024-01-13,14:45,RODADA 17,Twente,Alkmaar,3.0,4.0,2.2,3.4,3.25,1.93,1.93,1.67,2.1,2.14,1.67,0.32,0.1,2.29,0.55,1.83,0.72,27.0,52.0,42.5,55.4,1.34,1.3,2.64,6.17,3.6,2.88,2.96,5.5,5.5,100.0,42.86,0.0,71.43,57.14,85.71,71.43,6.0,6.0,66.67,0.0,33.33,50.0,33.33,33.33,66.67,6.0,6.0,100.0,100.0,85.71,16.67
YZ5NdSVq,PAÍSES BAIXOS - EREDIVISIE,2024-01-13,16:00,RODADA 17,Zwolle,Heerenveen,11.0,9.0,2.63,3.5,2.5,1.7,2.1,1.57,2.25,1.71,2.0,0.2,0.08,0.57,1.98,0.86,1.71,56.0,41.8,29.0,17.83,1.39,1.62,3.01,-2.33,4.0,7.0,2.12,5.6,3.2,85.71,14.29,14.29,14.29,14.29,57.14,57.14,5.0,5.0,85.71,57.14,14.29,28.57,0.0,71.43,57.14,5.17,5.17,100.0,100.0,28.57,57.14
K6A8E208,FRANÇA - LIGUE 1,2024-01-13,17:00,RODADA 18,Rennes,Nice,10.0,2.0,2.55,3.25,2.8,2.15,1.67,1.91,1.91,2.25,1.14,0.1,0.48,1.38,1.02,1.57,0.89,37.14,55.8,41.75,34.0,1.7,1.3,3.0,5.43,3.33,2.89,5.42,7.0,6.75,75.0,62.5,25.0,37.5,12.5,87.5,87.5,4.14,4.14,57.14,28.57,42.86,42.86,14.29,28.57,42.86,5.0,5.0,100.0,85.71,75.0,57.14
ERtRxi1O,ESPANHA - LALIGA2,2024-01-13,17:00,RODADA 22,Burgos,Valladolid,11.0,4.0,2.55,3.0,2.9,2.35,1.57,1.91,1.8,1.33,0.78,0.41,0.39,2.33,0.43,1.33,1.19,36.57,41.6,30.67,21.67,1.2,0.49,1.69,4.25,5.12,3.26,3.5,4.83,3.2,55.56,33.33,44.44,66.67,33.33,33.33,33.33,4.5,4.5,77.78,22.22,22.22,44.44,22.22,22.22,22.22,3.43,3.43,77.78,100.0,22.22,55.56
jD7ehW0B,ESPANHA - LALIGA2,2024-01-13,17:00,RODADA 22,Ferrol,Espanyol,2.0,5.0,2.5,3.2,2.88,2.2,1.65,1.83,1.83,2.11,1.22,0.23,0.12,2.11,0.5,1.33,0.99,48.33,41.71,51.5,49.29,1.13,0.89,2.02,4.0,2.12,3.83,3.1,4.5,4.5,66.67,11.11,33.33,55.56,33.33,33.33,66.67,5.71,5.71,66.67,22.22,33.33,33.33,33.33,22.22,55.56,5.14,5.14,100.0,100.0,33.33,33.33
GbeSenoj,PAÍSES BAIXOS - EREDIVISIE,2024-01-13,17:00,RODADA 17,PSV,Excelsior,1.0,12.0,1.07,9.5,29.0,1.2,4.33,2.05,1.7,2.14,2.57,0.16,0.16,3.0,0.0,1.29,0.97,25.71,31.33,50.0,45.2,2.62,1.15,3.77,9.0,5.0,2.84,1.94,9.0,4.5,100.0,42.86,0.0,100.0,85.71,71.43,28.57,8.0,8.0,71.43,42.86,28.57,28.57,42.86,85.71,71.43,3.4,3.4,100.0,85.71,28.57,85.71
6sFGHxOa,MÉXICO - LIGA MX,2024-01-13,22:00,ENCERRAMENTO ,Cruz Azul,Pachuca,3.0,8.0,2.2,3.3,3.2,1.95,1.9,1.7,2.05,1.57,1.75,0.15,0.1,0.57,1.98,1.38,1.02,30.67,48.0,23.83,34.8,1.18,1.61,2.79,0.67,3.43,4.7,3.83,6.17,3.71,100.0,57.14,0.0,14.29,42.86,71.43,71.43,6.71,6.71,75.0,25.0,25.0,37.5,12.5,50.0,25.0,3.88,3.88,100.0,87.5,42.86,37.5
04EKGdw6,MÉXICO - LIGA MX,2024-01-13,22:00,ENCERRAMENTO ,Guadalajara,Santos Laguna,6.0,1.0,2.1,3.4,3.5,1.7,2.1,1.62,2.2,1.11,1.75,0.26,0.16,2.11,0.65,0.88,1.55,53.25,27.14,33.75,14.71,1.83,1.33,3.16,2.38,0.0,3.32,3.53,5.12,6.4,66.67,44.44,33.33,66.67,33.33,44.44,44.44,6.62,6.62,100.0,75.0,0.0,25.0,12.5,87.5,75.0,6.0,6.0,88.89,100.0,22.22,87.5
CrM7Jbgm,MÉXICO - LIGA MX,2024-01-14,00:00,ENCERRAMENTO ,Monterrey,Puebla,2.0,11.0,1.44,4.5,6.5,1.6,2.3,1.8,1.95,1.38,1.11,0.12,0.11,2.38,0.5,1.33,0.99,23.12,17.17,49.0,47.0,1.88,0.89,2.77,5.71,3.38,2.39,3.3,4.83,4.29,100.0,50.0,0.0,75.0,87.5,75.0,62.5,6.0,6.0,77.78,66.67,22.22,33.33,33.33,55.56,66.67,3.5,3.5,100.0,100.0,37.5,11.11
veDOFGhC,MÉXICO - LIGA MX,2024-01-14,00:00,ENCERRAMENTO ,Tijuana,Club America,15.0,10.0,4.5,3.6,1.8,1.7,2.1,1.7,2.05,2.0,1.22,0.15,0.28,2.0,0.71,2.33,0.43,34.62,28.0,44.43,39.8,1.2,1.4,2.6,3.86,5.25,2.66,2.36,5.71,4.5,100.0,62.5,0.0,62.5,50.0,75.0,87.5,6.75,6.75,77.78,33.33,22.22,66.67,55.56,55.56,55.56,4.43,4.43,100.0,88.89,75.0,44.44
fkfWf60d,PAÍSES BAIXOS - EREDIVISIE,2024-01-14,08:15,RODADA 17,FC Volendam,Almere City,17.0,14.0,2.45,3.5,2.7,1.67,2.15,1.57,2.25,2.5,1.71,0.15,0.24,0.67,1.82,0.71,1.56,37.75,45.0,42.4,31.17,1.61,1.26,2.87,-1.4,0.83,4.0,2.5,4.25,3.0,50.0,16.67,50.0,16.67,16.67,66.67,50.0,3.6,3.6,85.71,42.86,14.29,14.29,28.57,71.43,71.43,4.2,4.2,100.0,85.71,50.0,42.86
6NCKB0pR,FRANÇA - LIGUE 1,2024-01-14,09:00,RODADA 18,Lille,Lorient,5.0,17.0,1.4,5.0,7.5,1.7,2.1,2.0,1.75,0.86,2.0,0.48,0.25,2.0,0.65,0.43,1.25,45.43,37.33,47.67,46.5,1.77,0.98,2.75,4.33,-3.5,4.25,2.0,5.25,3.5,71.43,28.57,28.57,57.14,57.14,14.29,42.86,6.0,6.0,42.86,42.86,57.14,0.0,0.0,57.14,42.86,2.8,2.8,100.0,85.71,0.0,28.57
f9Mc8CRk,ESPANHA - LALIGA2,2024-01-14,10:00,RODADA 22,Andorra,Leganés,18.0,1.0,2.2,3.1,3.25,2.5,1.5,2.2,1.62,1.56,0.89,0.27,0.42,1.56,0.92,1.56,0.92,70.17,44.67,51.0,30.0,0.92,0.77,1.69,4.62,5.38,1.39,2.17,2.67,3.17,22.22,11.11,77.78,44.44,0.0,22.22,33.33,5.29,5.29,66.67,0.0,33.33,44.44,22.22,11.11,22.22,4.29,4.29,88.89,100.0,33.33,44.44
0nsII9h3,PAÍSES BAIXOS - EREDIVISIE,2024-01-14,10:30,RODADA 17,G.A. Eagles,Ajax,6.0,5.0,4.0,3.8,1.83,1.48,2.6,1.5,2.5,2.14,2.57,0.2,0.12,2.14,0.68,1.29,0.97,33.5,44.5,38.6,48.33,2.88,1.33,4.21,8.0,2.5,2.58,2.67,9.8,5.0,100.0,71.43,0.0,71.43,71.43,85.71,57.14,5.6,5.6,57.14,42.86,42.86,28.57,14.29,85.71,85.71,7.4,7.4,100.0,85.71,57.14,71.43
MerEJkwc,PAÍSES BAIXOS - EREDIVISIE,2024-01-14,10:30,RODADA 17,Vitesse,Utrecht,18.0,13.0,2.9,3.6,2.2,1.8,2.05,1.67,2.1,1.5,1.0,0.09,0.24,0.67,1.82,1.29,1.25,14.33,6.67,40.25,51.33,1.13,1.26,2.39,-1.2,3.5,,,3.25,3.0,66.67,16.67,33.33,16.67,33.33,33.33,33.33,5.4,5.4,71.43,57.14,28.57,42.86,28.57,42.86,28.57,3.67,3.67,83.33,100.0,33.33,14.29
466Tctus,INGLATERRA - PREMIER LEAGUE,2024-01-14,11:00,RODADA 21,Everton,Aston Villa,17.0,2.0,2.55,3.25,2.7,1.73,2.08,1.62,2.2,1.67,1.78,0.15,0.1,1.11,1.31,1.22,1.14,35.4,43.14,61.5,25.38,0.63,1.7,2.33,-1.75,2.38,3.33,5.67,5.8,4.6,44.44,11.11,55.56,33.33,33.33,44.44,22.22,5.83,5.83,77.78,55.56,22.22,33.33,11.11,66.67,66.67,7.0,7.0,100.0,100.0,44.44,44.44
QsOe3xh7,FRANÇA - LIGUE 1,2024-01-14,11:00,RODADA 18,Brest,Montpellier,4.0,12.0,1.8,3.75,4.33,1.95,1.95,1.8,1.95,0.86,1.43,0.22,0.11,2.14,0.5,1.43,1.06,51.33,23.5,39.33,30.6,1.79,1.06,2.85,9.0,4.17,5.22,2.22,5.75,5.2,71.43,42.86,28.57,57.14,42.86,42.86,42.86,6.5,6.5,100.0,28.57,0.0,42.86,57.14,57.14,28.57,3.2,3.2,85.71,100.0,14.29,42.86
bLia4Ix1,FRANÇA - LIGUE 1,2024-01-14,11:00,RODADA 18,Metz,Toulouse,14.0,16.0,2.9,3.25,2.45,2.08,1.73,1.8,1.95,1.14,1.12,0.11,0.09,0.71,1.56,0.75,1.38,25.0,46.75,32.0,44.14,1.1,0.85,1.95,0.83,-0.14,2.25,2.5,3.25,2.8,71.43,28.57,28.57,14.29,14.29,42.86,42.86,2.4,2.4,62.5,25.0,37.5,12.5,12.5,37.5,50.0,3.0,3.0,100.0,87.5,100.0,12.5
Q7gi6v8l,FRANÇA - LIGUE 1,2024-01-14,11:00,RODADA 18,Nantes,Clermont,13.0,18.0,1.95,3.5,3.8,2.08,1.73,1.95,1.8,1.88,1.0,0.32,0.15,1.38,1.02,0.71,1.56,28.0,32.0,37.17,23.17,1.99,1.41,3.4,5.43,0.33,2.26,2.33,4.5,4.0,75.0,37.5,25.0,37.5,50.0,37.5,50.0,4.67,4.67,85.71,71.43,14.29,14.29,14.29,71.43,57.14,6.8,6.8,100.0,85.71,50.0,42.86
rgVEFRjF,ALEMANHA - BUNDESLIGA,2024-01-14,11:30,RODADA 17,Bochum,Bremen,14.0,13.0,2.15,3.6,3.1,1.67,2.2,1.57,2.25,1.67,2.33,0.13,0.07,1.67,0.62,0.33,1.55,32.83,33.25,53.8,29.33,1.88,1.1,2.98,2.8,-1.6,6.0,2.33,6.67,3.75,83.33,16.67,16.67,33.33,83.33,50.0,83.33,5.25,5.25,83.33,66.67,16.67,0.0,0.0,66.67,66.67,2.75,2.75,100.0,100.0,33.33,66.67
CzrE3FfD,ITÁLIA - SERIE B,2024-01-14,12:15,RODADA 20,Venezia,Sampdoria,2.0,10.0,2.05,3.3,3.6,2.1,1.7,1.95,1.8,1.89,1.25,0.31,0.12,1.89,0.72,1.5,0.87,37.44,42.57,31.29,56.86,1.2,1.59,2.79,2.12,1.71,2.33,3.5,3.8,4.4,77.78,55.56,22.22,55.56,44.44,77.78,77.78,5.67,5.67,87.5,12.5,12.5,37.5,50.0,37.5,75.0,2.5,2.5,100.0,100.0,55.56,25.0
hIuVyBGU,ESPANHA - LALIGA2,2024-01-14,12:15,RODADA 22,Cartagena,Villarreal B,22.0,17.0,2.15,3.5,3.25,2.0,1.85,1.8,1.91,1.33,1.89,0.17,0.11,0.44,2.28,0.67,1.5,42.0,40.8,30.62,45.75,1.13,1.41,2.54,0.5,-1.25,4.0,1.38,3.17,2.5,77.78,22.22,22.22,11.11,11.11,55.56,44.44,4.86,4.86,55.56,11.11,44.44,11.11,33.33,33.33,44.44,1.88,1.88,100.0,100.0,55.56,44.44
8l20ijGH,ESPANHA - LALIGA2,2024-01-14,12:15,RODADA 22,Sporting Gijón,Huesca,3.0,19.0,1.8,3.4,4.75,2.5,1.5,2.25,1.57,1.11,0.78,0.23,0.11,2.11,0.5,1.22,1.14,37.88,31.83,44.4,53.5,1.26,1.06,2.32,8.0,6.0,2.27,2.0,5.0,2.5,77.78,33.33,22.22,55.56,44.44,44.44,55.56,6.14,6.14,66.67,33.33,33.33,33.33,33.33,11.11,33.33,3.29,3.29,88.89,100.0,33.33,44.44
rBWMHT79,PAÍSES BAIXOS - EREDIVISIE,2024-01-14,12:45,RODADA 17,Feyenoord,Nijmegen,2.0,8.0,1.14,7.5,17.0,1.33,3.4,2.0,1.75,2.0,2.33,0.23,0.3,2.29,0.55,1.0,1.1,23.5,43.0,52.5,50.5,2.73,0.8,3.53,9.17,-1.8,2.17,4.33,10.25,3.25,71.43,57.14,28.57,71.43,57.14,71.43,57.14,6.6,6.6,83.33,33.33,16.67,16.67,33.33,66.67,83.33,3.4,3.4,85.71,100.0,42.86,33.33
KUhe5bNf,FRANÇA - LIGUE 1,2024-01-14,13:05,RODADA 18,Le Havre,Lyon,11.0,15.0,3.2,3.3,2.25,2.05,1.75,1.8,1.95,1.29,1.57,0.22,0.12,1.14,1.18,0.86,1.71,36.67,63.75,45.25,48.4,0.98,0.77,1.75,1.17,2.0,4.5,,4.5,5.33,57.14,14.29,42.86,28.57,14.29,42.86,28.57,4.2,4.2,42.86,28.57,57.14,28.57,0.0,42.86,28.57,5.25,5.25,71.43,100.0,42.86,57.14
zTR6HmM2,ALEMANHA - BUNDESLIGA,2024-01-14,13:30,RODADA 17,Monchengladbach,Stuttgart,12.0,3.0,3.5,4.0,1.85,1.5,2.63,1.5,2.5,1.86,2.5,0.1,0.1,1.14,1.18,1.5,1.1,34.2,27.0,40.33,43.6,1.79,1.7,3.49,0.33,-0.8,3.75,2.22,3.75,4.0,71.43,57.14,28.57,28.57,28.57,85.71,57.14,7.0,7.0,66.67,16.67,33.33,50.0,50.0,83.33,50.0,3.6,3.6,100.0,100.0,71.43,33.33
rc5Xd0fm,INGLATERRA - PREMIER LEAGUE,2024-01-14,13:30,RODADA 21,Manchester Utd,Tottenham,7.0,5.0,2.1,3.75,3.1,1.48,2.6,1.4,2.75,1.89,1.89,0.09,0.34,2.0,0.75,2.0,0.61,56.14,27.22,20.71,40.83,1.26,2.0,3.26,4.25,5.88,3.5,2.53,5.4,5.5,77.78,33.33,22.22,66.67,0.0,77.78,55.56,8.67,8.67,77.78,44.44,22.22,55.56,44.44,66.67,66.67,3.86,3.86,100.0,100.0,66.67,88.89
f7BCII8g,MÉXICO - LIGA MX,2024-01-14,15:00,ENCERRAMENTO ,U.N.A.M.,Juarez,13.0,17.0,1.53,4.2,5.75,1.7,2.1,1.8,1.95,1.22,1.5,0.18,0.17,1.89,0.72,0.88,1.55,28.33,41.67,54.25,18.88,1.41,1.13,2.54,2.12,-1.43,3.06,2.25,5.83,3.33,66.67,33.33,33.33,55.56,44.44,44.44,22.22,7.43,7.43,100.0,62.5,0.0,25.0,0.0,62.5,75.0,3.62,3.62,88.89,100.0,33.33,50.0
C4km7Khr,FRANÇA - LIGUE 1,2024-01-14,16:45,RODADA 18,Lens,PSG,7.0,1.0,3.6,4.0,1.91,1.65,2.2,1.62,2.2,1.14,1.71,0.32,0.16,2.0,0.65,2.43,0.4,46.17,29.43,36.6,70.0,1.1,1.15,2.25,3.83,4.33,4.17,2.67,6.5,7.0,85.71,28.57,14.29,57.14,28.57,28.57,57.14,8.2,8.2,71.43,42.86,28.57,71.43,71.43,57.14,71.43,4.6,4.6,100.0,100.0,42.86,42.86
lQfFxv0P,MÉXICO - LIGA MX,2024-01-14,21:00,ENCERRAMENTO ,Necaxa,Atlas,7.0,4.0,2.55,3.25,2.75,2.1,1.7,1.91,1.91,1.57,1.22,0.25,0.28,0.71,1.56,1.0,1.22,49.2,27.6,35.83,38.62,0.69,1.39,2.08,-2.17,2.75,4.45,2.3,4.57,2.22,71.43,42.86,28.57,14.29,14.29,57.14,57.14,4.29,4.29,88.89,22.22,11.11,22.22,33.33,44.44,55.56,4.44,4.44,100.0,88.89,28.57,11.11
b7vdGle8,INGLATERRA - PREMIER LEAGUE,2024-01-15,16:45,RODADA 21,Burnley,Luton,19.0,18.0,1.91,3.4,4.0,2.01,1.89,1.8,1.95,1.78,2.67,0.35,0.09,0.33,3.0,0.56,1.82,17.25,57.17,30.0,45.56,0.66,1.67,2.33,-0.62,1.62,2.5,2.0,3.4,2.2,88.89,55.56,11.11,11.11,11.11,55.56,33.33,7.5,7.5,55.56,0.0,44.44,11.11,22.22,66.67,66.67,3.67,3.67,100.0,100.0,66.67,55.56
MHTKPHsG,ARÁBIA SAUDITA - LIGA PROFISSIONAL SAUDITA,2024-02-15,14:00,RODADA 20,Abha,Al-Taawon,17.0,4.0,,,,,,,,2.12,1.0,0.09,0.29,1.62,0.93,1.75,0.79,55.43,41.14,60.86,35.4,0.98,1.39,2.37,3.86,3.57,2.47,4.5,3.29,5.6,37.5,25.0,62.5,50.0,12.5,62.5,75.0,2.86,2.86,87.5,37.5,12.5,50.0,37.5,25.0,50.0,5.67,5.67,100.0,100.0,50.0,50.0
QVqI5djp,ARÁBIA SAUDITA - LIGA PROFISSIONAL SAUDITA,2024-02-15,14:00,RODADA 20,Al Nassr Riyadh,Al-Fateh,2.0,6.0,,,,,,,,2.0,1.12,0.17,0.14,2.38,0.5,2.0,0.71,24.86,36.14,47.33,54.88,1.7,1.83,3.53,7.29,6.86,1.94,1.93,4.8,4.2,100.0,37.5,0.0,75.0,75.0,75.0,62.5,6.0,6.0,87.5,75.0,12.5,62.5,62.5,75.0,87.5,4.0,4.0,100.0,100.0,75.0,12.5
vZmM4G5j,ARÁBIA SAUDITA - LIGA PROFISSIONAL SAUDITA,2024-02-15,14:00,RODADA 20,Al Wehda,Al-Taee,9.0,,,,,,,,,2.11,1.67,0.18,0.12,2.11,0.65,0.44,2.28,35.25,34.5,47.29,40.0,2.5,0.98,3.48,5.38,-1.5,2.35,4.0,5.6,3.8,88.89,55.56,11.11,66.67,55.56,77.78,66.67,3.86,3.86,44.44,44.44,55.56,11.11,0.0,44.44,33.33,4.33,4.33,100.0,100.0,55.56,33.33
hxx4Tari,ARÁBIA SAUDITA - LIGA PROFISSIONAL SAUDITA,2024-02-15,14:00,RODADA 20,Al-Akhdoud,Al-Ahli,,3.0,,,,,,,,1.11,2.0,0.13,0.11,1.33,1.19,1.62,0.93,36.67,25.0,49.5,31.4,1.13,1.9,3.03,2.12,5.86,4.0,3.67,3.4,5.4,55.56,22.22,44.44,44.44,22.22,44.44,33.33,5.0,5.0,100.0,75.0,0.0,50.0,62.5,87.5,62.5,4.83,4.83,100.0,100.0,44.44,87.5
WSz8SJcc,ARÁBIA SAUDITA - LIGA PROFISSIONAL SAUDITA,2024-02-15,14:00,RODADA 20,Al-Hazem,Al-Feiha,,,,,,,,,,2.25,1.25,0.27,0.16,0.88,1.55,1.5,0.87,25.2,20.57,28.71,39.71,1.1,2.31,3.41,-3.0,6.29,2.62,2.5,3.4,4.8,100.0,62.5,0.0,25.0,37.5,62.5,50.0,3.5,3.5,100.0,62.5,0.0,37.5,37.5,62.5,75.0,3.67,3.67,100.0,100.0,50.0,37.5
SfUGQcS9,ARÁBIA SAUDITA - LIGA PROFISSIONAL SAUDITA,2024-02-15,14:00,RODADA 20,Al-Hilal,Al-Raed,1.0,13.0,,,,,,,,2.0,0.62,0.24,0.27,2.78,0.24,0.88,1.13,32.0,23.67,54.33,24.25,2.12,0.75,2.87,7.75,1.57,4.13,2.83,7.4,3.5,77.78,55.56,22.22,88.89,66.67,44.44,33.33,6.67,6.67,37.5,37.5,62.5,12.5,0.0,37.5,37.5,7.5,7.5,100.0,50.0,22.22,25.0
l4VCRwD3,ARÁBIA SAUDITA - LIGA PROFISSIONAL SAUDITA,2024-02-15,14:00,RODADA 20,Al-Ittihad,Al-Riyadh,7.0,,,,,,,,,2.38,2.25,0.17,0.15,1.25,1.19,0.5,2.14,30.14,56.0,33.71,25.5,2.08,1.75,3.83,1.43,0.57,2.88,1.83,6.0,3.0,87.5,50.0,12.5,37.5,50.0,75.0,75.0,5.67,5.67,100.0,75.0,0.0,12.5,12.5,100.0,75.0,4.67,4.67,100.0,100.0,75.0,62.5
K2nOOycM,ARÁBIA SAUDITA - LIGA PROFISSIONAL SAUDITA,2024-02-15,14:00,RODADA 20,Al-Khaleej,Al-Ettifaq,,8.0,,,,,,,,1.25,1.33,0.17,0.29,1.5,0.87,1.22,1.14,39.86,44.5,37.67,47.5,1.5,1.39,2.89,2.57,2.0,3.75,1.72,3.2,4.0,87.5,75.0,12.5,37.5,37.5,62.5,75.0,3.67,3.67,55.56,22.22,44.44,33.33,11.11,33.33,33.33,3.83,3.83,87.5,77.78,25.0,33.33
Kl7kAxrT,ARÁBIA SAUDITA - LIGA PROFISSIONAL SAUDITA,2024-02-15,14:00,RODADA 20,Damac,Al-Shabab,5.0,11.0,,,,,,,,2.25,1.44,0.07,0.28,2.25,0.46,0.67,1.5,46.38,69.83,37.17,27.29,2.19,0.63,2.82,7.14,-0.25,2.5,3.88,4.75,3.8,75.0,62.5,25.0,62.5,37.5,75.0,75.0,5.67,5.67,66.67,22.22,33.33,11.11,0.0,55.56,55.56,5.29,5.29,100.0,88.89,62.5,55.56
dW7TEz8I,MÉXICO - LIGA MX,2024-01-17,22:00,ENCERRAMENTO ,Leon,Tigres,16.0,12.0,2.55,3.2,2.75,2.03,1.83,1.75,2.0,1.1,1.6,0.07,0.31,2.1,0.57,1.4,1.02,45.5,39.71,28.14,45.71,1.5,1.33,2.83,4.0,7.22,4.31,2.6,5.0,3.75,90.0,40.0,10.0,60.0,40.0,50.0,70.0,8.5,8.5,70.0,40.0,30.0,40.0,30.0,50.0,40.0,4.0,4.0,100.0,100.0,30.0,50.0
0hAqg1Xd,ÁUSTRIA - BUNDESLIGA,2024-02-17,13:00,RODADA 19,Austria Vienna,Altach,8.0,10.0,,,,,,,,0.71,1.12,0.21,0.14,1.57,0.62,0.75,1.38,43.33,40.75,,37.5,1.26,0.0,1.26,2.67,3.43,2.25,3.89,4.4,4.0,28.57,28.57,71.43,28.57,14.29,28.57,14.29,5.33,5.33,62.5,50.0,37.5,12.5,12.5,37.5,37.5,4.86,4.86,42.86,87.5,14.29,25.0
8IDiiu29,ÁUSTRIA - BUNDESLIGA,2024-02-17,13:00,RODADA 19,BW Linz,Red Bull Salzburg,9.0,1.0,,,,,,,,1.25,1.5,0.23,0.29,1.25,0.93,2.25,0.46,14.83,29.29,29.6,46.5,0.89,1.62,2.51,3.0,6.14,2.61,2.58,5.0,5.67,87.5,50.0,12.5,25.0,37.5,37.5,50.0,3.5,3.5,87.5,25.0,12.5,62.5,62.5,50.0,50.0,5.57,5.57,87.5,87.5,25.0,62.5
bmW0UHfd,ÁUSTRIA - BUNDESLIGA,2024-02-17,13:00,RODADA 19,Wolfsberger,Tirol,7.0,11.0,,,,,,,,1.71,1.5,0.09,0.13,1.43,1.06,0.88,1.55,38.33,30.33,51.8,46.75,1.2,1.2,2.4,5.17,0.86,2.95,2.67,4.5,2.67,85.71,14.29,14.29,42.86,71.43,71.43,57.14,6.86,6.86,62.5,25.0,37.5,25.0,25.0,50.0,37.5,3.43,3.43,100.0,100.0,28.57,12.5
n9CejaHF,ÁUSTRIA - BUNDESLIGA,2024-02-18,10:30,RODADA 19,A. Lustenau,A. Klagenfurt,12.0,5.0,,,,,,,,2.12,1.86,0.19,0.15,0.0,,2.0,0.65,52.67,29.8,27.62,28.75,0.69,2.37,3.06,-3.0,7.83,,2.04,2.67,4.33,100.0,37.5,0.0,0.0,12.5,75.0,37.5,3.14,3.14,85.71,28.57,14.29,57.14,42.86,71.43,42.86,3.86,3.86,100.0,85.71,87.5,57.14
IJR2yC0q,ALEMANHA - 2. BUNDESLIGA,2024-01-19,14:30,RODADA 18,Karlsruher,Osnabruck,12.0,18.0,1.6,4.0,6.0,1.57,2.35,1.62,2.2,1.75,2.29,0.12,0.1,1.88,0.66,0.43,1.25,22.43,65.0,31.5,32.5,2.6,0.8,3.4,7.71,-5.5,3.54,4.0,6.2,3.67,100.0,50.0,0.0,50.0,62.5,75.0,62.5,6.17,6.17,57.14,42.86,42.86,0.0,0.0,57.14,57.14,4.0,4.0,100.0,85.71,62.5,28.57
WMV6zWFk,ALEMANHA - 2. BUNDESLIGA,2024-01-19,14:30,RODADA 18,Kiel,Braunschweig,1.0,17.0,1.65,4.0,5.0,1.57,2.35,1.57,2.25,2.38,1.14,0.1,0.29,2.0,0.71,0.43,2.65,36.75,66.67,46.57,22.86,2.3,1.26,3.56,0.29,-0.5,3.7,,6.0,2.4,87.5,62.5,12.5,62.5,50.0,87.5,87.5,6.67,6.67,100.0,71.43,0.0,14.29,0.0,71.43,42.86,4.67,4.67,100.0,100.0,75.0,28.57
rsgGtq13,ALEMANHA - 3. LIGA,2024-01-19,15:00,RODADA 21,Aue,RW Essen,11.0,4.0,2.42,3.6,2.65,1.8,1.98,1.65,2.1,1.75,1.29,0.08,0.11,1.62,0.93,1.0,1.41,45.43,53.2,51.0,24.6,1.8,0.89,2.69,2.43,0.17,3.06,3.12,4.71,4.17,50.0,12.5,50.0,50.0,25.0,50.0,62.5,6.0,6.0,71.43,42.86,28.57,28.57,14.29,71.43,57.14,4.86,4.86,100.0,85.71,37.5,57.14
dEzRGmNF,PAÍSES BAIXOS - EREDIVISIE,2024-01-19,16:00,RODADA 18,Excelsior,Heerenveen,12.0,9.0,2.8,3.6,2.3,1.62,2.25,1.53,2.38,2.57,2.0,0.13,0.08,1.0,1.0,0.86,1.71,57.67,41.8,43.83,17.83,1.83,1.62,3.45,-0.83,4.0,3.12,2.12,4.4,3.2,42.86,28.57,57.14,14.29,14.29,57.14,85.71,2.83,2.83,85.71,57.14,14.29,28.57,0.0,71.43,57.14,5.17,5.17,85.71,100.0,57.14,57.14
Uk326ND1,ALEMANHA - BUNDESLIGA,2024-01-19,16:30,RODADA 18,Mainz,Union Berlin,16.0,15.0,2.2,3.3,3.3,2.08,1.82,1.8,1.95,1.5,1.67,0.25,0.32,0.67,1.82,0.5,2.45,53.25,13.67,47.6,24.83,1.55,1.26,2.81,-0.4,4.6,3.62,3.0,4.0,4.5,50.0,16.67,50.0,16.67,16.67,33.33,50.0,3.75,3.75,100.0,50.0,0.0,16.67,33.33,83.33,50.0,4.4,4.4,100.0,100.0,33.33,33.33
Obut1qO8,BÉLGICA - LIGA JUPILER,2024-01-19,16:45,RODADA 21,Gent,KV Mechelen,3.0,10.0,1.4,4.5,8.0,1.67,2.15,1.91,1.91,1.44,1.67,0.12,0.12,2.11,0.5,0.78,1.67,38.11,61.4,43.71,28.88,2.19,1.18,3.37,4.0,3.88,3.9,2.89,6.6,4.33,88.89,55.56,11.11,55.56,44.44,66.67,77.78,5.14,5.14,77.78,44.44,22.22,22.22,11.11,55.56,44.44,3.29,3.29,100.0,100.0,44.44,44.44
OOWS5vnN,MÉXICO - LIGA MX,2024-01-19,22:00,ENCERRAMENTO ,Puebla,Necaxa,11.0,7.0,1.8,3.6,4.33,1.85,1.95,1.8,1.95,1.25,1.75,0.51,0.08,0.88,1.55,0.75,1.38,23.83,14.67,19.33,41.0,1.33,1.59,2.92,0.57,1.43,3.04,1.5,5.38,2.43,100.0,37.5,0.0,25.0,12.5,37.5,50.0,4.75,4.75,75.0,25.0,25.0,12.5,25.0,50.0,37.5,3.5,3.5,100.0,75.0,62.5,25.0
thDccgN2,ALEMANHA - 2. BUNDESLIGA,2024-01-20,09:00,RODADA 18,Elversberg,Hannover,9.0,8.0,2.25,3.5,3.0,1.67,2.15,1.53,2.38,1.43,1.25,0.35,0.18,1.43,1.06,1.12,1.11,26.8,14.0,52.33,56.29,1.79,0.89,2.68,7.17,3.14,3.46,2.33,4.8,3.8,71.43,57.14,28.57,42.86,28.57,57.14,57.14,5.33,5.33,75.0,50.0,25.0,25.0,50.0,62.5,62.5,3.17,3.17,100.0,87.5,57.14,25.0
hxKFY9p2,ALEMANHA - 2. BUNDESLIGA,2024-01-20,09:00,RODADA 18,Nurnberg,Rostock,10.0,16.0,1.83,3.8,4.0,1.67,2.15,1.62,2.2,1.71,1.43,0.08,0.18,1.14,1.18,1.0,1.41,52.2,45.25,31.0,29.57,1.59,1.26,2.85,0.83,-1.83,3.5,2.25,4.6,3.0,71.43,42.86,28.57,28.57,0.0,57.14,57.14,6.6,6.6,85.71,28.57,14.29,28.57,14.29,71.43,57.14,4.2,4.2,100.0,100.0,57.14,28.57
MmtXtYxM,ALEMANHA - 2. BUNDESLIGA,2024-01-20,09:00,RODADA 18,St. Pauli,Kaiserslautern,2.0,15.0,1.45,4.5,7.0,1.67,2.15,1.8,1.91,1.62,1.71,0.22,0.15,1.75,0.59,0.29,1.71,18.2,24.83,49.0,30.86,2.08,0.85,2.93,5.86,0.33,1.82,5.39,7.8,8.0,50.0,50.0,50.0,37.5,25.0,50.0,62.5,6.17,6.17,100.0,71.43,0.0,0.0,28.57,85.71,85.71,6.0,6.0,62.5,100.0,50.0,71.43
Ao25gRme,INGLATERRA - PREMIER LEAGUE,2024-01-20,09:30,RODADA 21,Arsenal,Crystal Palace,4.0,14.0,1.29,5.25,11.0,1.73,2.08,2.25,1.57,2.11,1.78,0.08,0.25,2.56,0.35,1.0,1.22,40.89,55.25,48.67,33.0,2.39,1.0,3.39,4.5,1.12,2.88,4.38,6.5,4.4,77.78,44.44,22.22,77.78,44.44,77.78,66.67,9.0,9.0,66.67,22.22,33.33,22.22,11.11,55.56,66.67,4.5,4.5,100.0,100.0,66.67,66.67
zc7Px10S,ALEMANHA - 3. LIGA,2024-01-20,10:00,RODADA 21,Dresden,Sandhausen,2.0,8.0,1.75,3.85,4.25,1.7,2.12,1.65,2.1,1.12,1.56,0.17,0.29,3.0,0.0,1.33,0.99,25.0,27.17,53.6,45.5,1.79,0.8,2.59,7.0,2.12,3.0,2.75,5.43,3.67,87.5,50.0,12.5,100.0,62.5,62.5,62.5,4.43,4.43,66.67,22.22,33.33,33.33,33.33,55.56,55.56,5.0,5.0,100.0,77.78,62.5,33.33
d68LwsoM,ALEMANHA - 3. LIGA,2024-01-20,10:00,RODADA 21,Hallescher,Ingolstadt,17.0,5.0,2.9,3.7,2.2,1.65,2.18,1.57,2.25,1.88,1.78,0.04,0.13,1.38,1.02,1.22,1.14,34.71,35.83,36.12,48.0,1.18,2.39,3.57,1.57,1.0,3.62,3.25,5.86,4.17,87.5,50.0,12.5,37.5,25.0,75.0,87.5,6.0,6.0,66.67,22.22,33.33,33.33,33.33,55.56,55.56,3.29,3.29,100.0,100.0,62.5,33.33
hxfiYK8q,ALEMANHA - 3. LIGA,2024-01-20,10:00,RODADA 21,Lubeck,Mannheim,18.0,16.0,2.25,3.6,2.87,1.75,2.05,1.62,2.15,1.62,1.88,0.15,0.07,0.75,1.38,0.5,2.14,47.5,55.75,38.57,47.25,1.62,1.1,2.72,1.71,0.43,4.17,2.0,5.0,2.67,50.0,37.5,50.0,12.5,12.5,50.0,50.0,6.29,6.29,75.0,12.5,25.0,12.5,25.0,50.0,50.0,4.14,4.14,87.5,100.0,75.0,25.0
6ubeXvOk,ALEMANHA - 3. LIGA,2024-01-20,10:00,RODADA 21,Regensburg,Verl,1.0,6.0,2.0,3.8,3.3,1.72,2.07,1.65,2.12,1.0,2.88,0.23,0.09,2.0,0.61,1.62,0.93,37.38,46.25,42.0,32.0,1.7,1.33,3.03,2.25,2.43,4.6,2.4,5.0,5.17,88.89,44.44,11.11,55.56,55.56,44.44,66.67,5.43,5.43,75.0,50.0,25.0,50.0,25.0,100.0,87.5,4.14,4.14,88.89,100.0,33.33,75.0
GfiOvNVF,ALEMANHA - 3. LIGA,2024-01-20,10:00,RODADA 21,Viktoria Koln,Saarbrucken,12.0,7.0,2.9,3.45,2.3,1.72,2.07,1.57,2.25,1.78,1.12,0.17,0.25,1.67,0.79,1.25,0.93,39.62,21.0,40.8,37.2,1.06,1.59,2.65,3.5,4.29,2.7,3.5,4.5,4.0,55.56,33.33,44.44,44.44,22.22,44.44,55.56,4.29,4.29,75.0,62.5,25.0,25.0,25.0,50.0,50.0,5.14,5.14,88.89,87.5,22.22,62.5
ILvp03wF,BÉLGICA - LIGA JUPILER,2024-01-20,12:00,RODADA 21,Genk,Cercle Brugge,4.0,7.0,1.8,3.6,4.33,1.6,2.3,1.57,2.25,2.0,1.33,0.14,0.31,1.56,0.73,1.44,1.04,34.57,54.14,36.33,22.8,1.5,0.98,2.48,7.62,4.62,2.65,3.2,6.0,4.4,77.78,44.44,22.22,33.33,44.44,66.67,55.56,5.86,5.86,44.44,22.22,55.56,44.44,0.0,44.44,44.44,4.5,4.5,88.89,88.89,55.56,66.67
x4hKu3G9,ALEMANHA - 3. LIGA,2024-01-20,12:30,RODADA 21,Munich 1860,Duisburg,15.0,19.0,1.85,3.8,3.75,1.78,2.0,1.72,2.02,0.86,0.75,0.47,0.23,1.0,1.41,0.5,1.07,23.25,43.25,55.25,30.71,1.18,0.49,1.67,0.17,-0.43,3.12,4.0,4.17,3.33,57.14,14.29,42.86,28.57,28.57,28.57,28.57,7.14,7.14,75.0,25.0,25.0,0.0,12.5,12.5,50.0,5.29,5.29,85.71,87.5,28.57,12.5
GhIEpOwS,BÉLGICA - LIGA JUPILER,2024-01-20,14:15,RODADA 21,St. Liege,Kortrijk,9.0,16.0,1.55,3.8,6.0,1.83,2.03,1.91,1.91,0.89,1.33,0.33,0.24,1.44,0.86,0.22,1.98,34.8,53.0,51.17,35.78,1.65,0.0,1.65,5.25,-2.75,3.29,,4.57,3.2,55.56,22.22,44.44,33.33,22.22,22.22,44.44,4.12,4.12,88.89,33.33,11.11,0.0,0.0,55.56,22.22,4.5,4.5,77.78,100.0,44.44,0.0
IB19ho31,INGLATERRA - PREMIER LEAGUE,2024-01-20,14:30,RODADA 21,Brentford,Nottingham,16.0,15.0,1.95,3.4,3.8,1.85,2.05,1.67,2.1,1.78,1.33,0.24,0.26,1.33,0.99,0.89,1.43,26.12,39.17,48.0,19.71,1.62,1.5,3.12,1.38,1.62,2.36,2.33,5.0,3.4,77.78,44.44,22.22,33.33,33.33,77.78,77.78,3.86,3.86,77.78,77.78,22.22,22.22,11.11,55.56,55.56,3.83,3.83,100.0,88.89,55.56,44.44
2oQVrf89,ALEMANHA - 2. BUNDESLIGA,2024-01-20,16:30,RODADA 18,Schalke,Hamburger SV,14.0,3.0,2.63,3.6,2.45,1.48,2.6,1.4,2.75,2.14,2.12,0.14,0.13,1.43,1.06,1.12,1.11,36.5,66.12,25.8,25.83,1.6,1.75,3.35,3.67,1.86,3.64,4.3,6.75,5.0,100.0,28.57,0.0,42.86,42.86,85.71,57.14,7.8,7.8,62.5,25.0,37.5,25.0,0.0,62.5,75.0,6.33,6.33,100.0,100.0,42.86,87.5
0Qgou21k,BÉLGICA - LIGA JUPILER,2024-01-20,16:45,RODADA 21,Club Brugge,Westerlo,5.0,11.0,1.3,5.0,9.5,1.48,2.6,1.8,1.95,1.56,2.22,0.18,0.1,2.11,0.5,1.11,1.05,35.38,58.88,38.67,41.29,2.04,0.98,3.02,4.0,1.25,3.26,2.87,6.8,4.0,77.78,33.33,22.22,55.56,44.44,33.33,66.67,7.83,7.83,66.67,11.11,33.33,22.22,22.22,66.67,77.78,3.86,3.86,88.89,88.89,33.33,66.67
txPZsENF,ALEMANHA - 2. BUNDESLIGA,2024-01-21,09:30,RODADA 18,Hertha,Dusseldorf,7.0,4.0,2.45,3.6,2.63,1.53,2.4,1.44,2.63,1.57,1.71,0.21,0.15,2.0,0.65,2.29,0.55,22.6,25.0,40.5,42.25,1.61,1.34,2.95,9.83,9.17,1.91,1.59,7.0,5.5,71.43,71.43,28.57,57.14,71.43,71.43,42.86,4.8,4.8,71.43,71.43,28.57,71.43,57.14,71.43,42.86,6.6,6.6,85.71,85.71,57.14,42.86
EoLBZkVe,ALEMANHA - 2. BUNDESLIGA,2024-01-21,09:30,RODADA 18,Magdeburg,Wehen,13.0,11.0,1.67,4.0,4.33,1.53,2.4,1.53,2.38,2.29,1.75,0.29,0.08,1.57,0.89,1.25,1.19,28.71,50.29,36.43,47.33,1.4,1.26,2.66,1.67,-0.57,3.12,3.23,6.25,4.4,100.0,57.14,0.0,42.86,42.86,71.43,100.0,5.4,5.4,62.5,25.0,37.5,37.5,37.5,50.0,62.5,4.33,4.33,100.0,100.0,57.14,62.5
0vuythhS,ALEMANHA - 2. BUNDESLIGA,2024-01-21,09:30,RODADA 18,Paderborn,Furth,6.0,5.0,2.25,3.75,2.9,1.57,2.35,1.5,2.5,2.0,1.0,0.09,0.48,1.57,0.89,1.29,0.97,54.14,31.33,43.6,33.6,1.59,1.39,2.98,1.83,1.5,3.75,3.0,5.0,3.6,57.14,14.29,42.86,42.86,28.57,71.43,71.43,5.6,5.6,85.71,42.86,14.29,28.57,28.57,28.57,57.14,5.6,5.6,100.0,100.0,28.57,57.14
MZfstrnq,BÉLGICA - LIGA JUPILER,2024-01-21,09:30,RODADA 21,Antwerp,Charleroi,6.0,12.0,1.5,4.2,6.0,1.75,2.05,1.8,1.95,1.22,0.67,0.26,0.37,2.11,0.5,0.33,1.5,30.0,36.33,33.5,37.5,1.59,0.6,2.19,3.25,-0.62,2.06,4.0,6.6,4.4,77.78,44.44,22.22,55.56,66.67,55.56,44.44,6.33,6.33,44.44,33.33,55.56,0.0,0.0,33.33,33.33,5.0,5.0,77.78,66.67,33.33,33.33
UwkCsPoc,ALEMANHA - 3. LIGA,2024-01-21,09:30,RODADA 21,Munster,Bielefeld,13.0,14.0,,,,,,,,2.38,1.38,0.14,0.21,1.88,0.66,1.0,1.31,51.57,50.86,57.0,32.57,1.75,1.2,2.95,6.0,2.71,3.04,3.58,5.0,3.86,50.0,25.0,50.0,50.0,25.0,62.5,75.0,6.29,6.29,87.5,37.5,12.5,25.0,25.0,62.5,75.0,4.43,4.43,87.5,100.0,37.5,62.5
vPbtevPa,INGLATERRA - PREMIER LEAGUE,2024-01-21,11:00,RODADA 21,Sheffield Utd,West Ham,20.0,6.0,4.33,3.5,1.83,1.73,2.08,1.67,2.1,2.0,2.44,0.16,0.07,0.78,1.67,1.44,1.04,55.83,45.25,33.38,43.56,1.26,2.33,3.59,-1.12,4.25,3.67,2.64,3.6,3.83,77.78,44.44,22.22,22.22,22.22,66.67,55.56,4.0,4.0,77.78,33.33,22.22,44.44,33.33,88.89,88.89,4.71,4.71,100.0,100.0,66.67,33.33
8jcgwtW1,BÉLGICA - LIGA JUPILER,2024-01-21,12:00,RODADA 21,Royale Union SG,St. Truiden,1.0,8.0,1.33,5.25,8.5,1.67,2.15,2.0,1.75,1.33,1.78,0.27,0.14,2.44,0.46,1.22,0.89,26.88,36.71,39.86,39.57,2.79,1.13,3.92,6.38,-1.75,2.68,3.1,7.33,4.0,88.89,66.67,11.11,77.78,66.67,77.78,66.67,5.86,5.86,66.67,55.56,33.33,22.22,33.33,55.56,55.56,5.14,5.14,100.0,100.0,77.78,55.56
l4m0Wbwd,ALEMANHA - 3. LIGA,2024-01-21,12:30,RODADA 21,Ulm,Unterhaching,3.0,9.0,,,,,,,,1.0,1.0,0.23,0.22,2.12,0.59,0.88,1.13,33.5,26.0,44.6,41.83,1.5,0.69,2.19,6.0,-1.14,3.0,2.11,5.0,3.86,87.5,37.5,12.5,62.5,50.0,50.0,62.5,5.43,5.43,50.0,50.0,50.0,12.5,12.5,50.0,50.0,4.14,4.14,100.0,75.0,37.5,37.5
Wf31f7Yl,INGLATERRA - PREMIER LEAGUE,2024-01-21,13:30,RODADA 21,Bournemouth,Liverpool,12.0,1.0,4.5,4.0,1.67,1.48,2.6,1.5,2.5,1.44,1.56,0.18,0.09,1.44,0.86,2.11,0.5,41.86,53.67,24.83,36.14,0.98,1.34,2.32,7.25,7.0,4.0,2.6,4.4,4.2,66.67,22.22,33.33,33.33,22.22,44.44,55.56,6.0,6.0,77.78,22.22,22.22,55.56,33.33,44.44,77.78,5.17,5.17,88.89,100.0,33.33,33.33
UabkvMGe,BÉLGICA - LIGA JUPILER,2024-01-21,14:30,RODADA 21,Leuven,Anderlecht,14.0,2.0,5.5,3.8,1.62,1.6,2.3,1.62,2.2,1.22,1.56,0.22,0.26,1.22,1.14,1.44,0.86,23.14,33.62,47.17,58.14,1.7,0.85,2.55,2.0,0.62,2.53,3.03,3.83,4.5,88.89,44.44,11.11,33.33,44.44,55.56,44.44,6.43,6.43,77.78,44.44,22.22,33.33,44.44,44.44,66.67,4.86,4.86,100.0,100.0,22.22,44.44
Aeyx2P82,BÉLGICA - LIGA JUPILER,2024-01-21,15:15,RODADA 21,RWDM,Eupen,13.0,15.0,1.91,3.5,4.0,1.75,2.05,1.62,2.2,1.22,1.89,0.38,0.25,1.44,0.86,0.78,1.67,44.25,44.5,25.67,45.25,1.99,1.48,3.47,-3.38,0.88,4.67,1.94,5.67,2.57,66.67,55.56,33.33,33.33,11.11,44.44,66.67,5.17,5.17,55.56,22.22,44.44,22.22,22.22,44.44,55.56,3.62,3.62,88.89,100.0,22.22,44.44
Sfn4VIh2,ALEMANHA - 3. LIGA,2024-01-21,15:30,RODADA 21,Freiburg II,Dortmund II,20.0,10.0,,,,,,,,2.0,1.12,0.17,0.12,0.38,1.38,1.38,0.77,54.5,30.2,31.0,33.67,0.98,2.08,3.06,-2.57,3.14,4.5,1.83,2.8,3.57,62.5,12.5,37.5,0.0,0.0,50.0,50.0,4.71,4.71,75.0,37.5,25.0,25.0,25.0,37.5,62.5,4.86,4.86,87.5,75.0,50.0,25.0
K8iOICXa,COLÔMBIA - PRIMEIRA A,2024-01-21,18:00,ABERTURA ,América de Cali,Aguilas,3.0,16.0,,,,,,,,1.3,1.0,0.11,0.24,2.5,0.43,0.9,0.97,42.0,40.38,55.5,30.71,2.1,0.98,3.08,3.5,2.0,3.42,3.0,6.22,4.22,70.0,20.0,30.0,80.0,60.0,30.0,30.0,4.78,4.78,60.0,60.0,40.0,10.0,10.0,40.0,70.0,3.9,3.9,100.0,80.0,30.0,50.0
AcpyGAHI,COLÔMBIA - PRIMEIRA A,2024-01-21,18:00,ABERTURA ,Atl. Nacional,Petrolera,8.0,17.0,,,,,,,,1.0,0.4,0.19,0.45,2.4,0.4,0.7,1.36,43.56,30.25,33.75,40.0,1.4,0.35,1.75,4.2,-1.0,4.85,2.83,6.22,2.3,70.0,20.0,30.0,70.0,40.0,20.0,40.0,4.3,4.3,80.0,40.0,20.0,10.0,20.0,20.0,30.0,4.8,4.8,90.0,80.0,20.0,20.0
rDViQfuQ,COLÔMBIA - PRIMEIRA A,2024-01-21,18:00,ABERTURA ,Deportivo Pasto,Santa Fe,10.0,4.0,,,,,,,,0.9,1.1,0.23,0.34,1.8,0.57,0.7,1.36,62.38,34.0,50.4,23.0,1.39,0.63,2.02,3.5,-0.3,4.69,4.21,4.7,4.4,40.0,10.0,60.0,40.0,20.0,10.0,50.0,4.4,4.4,100.0,50.0,0.0,10.0,20.0,60.0,60.0,3.5,3.5,80.0,100.0,10.0,60.0
CrlGKY2m,COLÔMBIA - PRIMEIRA A,2024-01-21,18:00,ABERTURA ,Junior,Bucaramanga,12.0,9.0,,,,,,,,1.0,1.2,0.15,0.2,2.3,0.5,1.0,1.41,38.67,20.0,33.0,44.33,1.2,0.49,1.69,4.1,2.9,4.79,1.83,5.12,3.8,80.0,30.0,20.0,70.0,40.0,30.0,40.0,5.7,5.7,60.0,30.0,40.0,30.0,20.0,50.0,30.0,3.9,3.9,100.0,90.0,30.0,0.0
tOuXGj2C,COLÔMBIA - PRIMEIRA A,2024-01-21,18:00,ABERTURA ,La Equidad,Envigado,5.0,6.0,,,,,,,,0.3,1.0,0.88,0.23,1.3,0.73,0.4,1.29,28.17,40.75,45.67,39.12,1.18,0.4,1.58,5.5,1.4,3.5,2.92,5.4,3.7,70.0,50.0,30.0,20.0,30.0,20.0,50.0,7.7,7.7,80.0,20.0,20.0,0.0,10.0,30.0,40.0,3.9,3.9,70.0,80.0,30.0,30.0
65mKJhIg,COLÔMBIA - PRIMEIRA A,2024-01-21,18:00,ABERTURA ,Millonarios,Ind. Medellín,13.0,2.0,,,,,,,,1.3,1.2,0.19,0.14,2.6,0.32,1.1,1.0,39.22,41.43,35.67,50.75,1.2,0.63,1.83,6.4,0.3,3.18,3.76,5.12,4.22,80.0,30.0,20.0,80.0,40.0,50.0,60.0,5.5,5.5,60.0,20.0,40.0,20.0,40.0,30.0,60.0,4.3,4.3,90.0,90.0,50.0,40.0
4MWmRzQJ,COLÔMBIA - PRIMEIRA A,2024-01-21,18:00,ABERTURA ,Once Caldas,Boyacá Chicó,14.0,1.0,,,,,,,,0.8,1.1,0.23,0.14,1.5,0.72,0.8,1.15,46.8,50.62,34.12,42.22,1.1,0.6,1.7,2.5,0.9,3.63,3.0,4.1,3.5,80.0,40.0,20.0,30.0,10.0,20.0,70.0,6.3,6.3,70.0,50.0,30.0,10.0,20.0,30.0,70.0,3.9,3.9,100.0,100.0,20.0,40.0
YikCLEms,COLÔMBIA - PRIMEIRA A,2024-01-21,18:00,ABERTURA ,Pereira,Dep. Cali,15.0,7.0,,,,,,,,1.4,1.8,0.07,0.09,1.1,1.25,1.0,1.41,36.33,33.67,29.5,23.11,1.83,1.67,3.5,1.4,0.0,2.94,2.38,4.5,5.12,90.0,30.0,10.0,30.0,30.0,60.0,50.0,6.9,6.9,90.0,60.0,10.0,30.0,10.0,80.0,50.0,5.6,5.6,90.0,100.0,70.0,40.0
jJr62imJ,COLÔMBIA - PRIMEIRA A,2024-01-21,18:00,ABERTURA ,Tolima,Fortaleza,11.0,18.0,,,,,,,,1.3,1.2,0.09,0.17,2.1,0.57,1.3,1.15,35.0,45.86,37.56,29.17,1.2,1.3,2.5,3.1,2.0,3.98,3.67,5.89,5.0,90.0,50.0,10.0,60.0,50.0,60.0,90.0,6.2,6.2,60.0,20.0,40.0,40.0,20.0,50.0,40.0,4.3,4.3,100.0,90.0,50.0,60.0
l8RBAdeC,EUA - MLS,2024-02-21,22:00,-,Inter Miami,Real Salt Lake,14.0,4.0,,,,,,,,1.5,1.3,0.13,0.06,1.5,0.9,1.7,0.83,44.25,45.1,33.29,22.0,1.34,1.13,2.47,2.4,1.8,2.3,3.58,4.5,5.5,80.0,40.0,20.0,40.0,40.0,60.0,60.0,3.8,3.8,90.0,50.0,10.0,50.0,20.0,80.0,90.0,3.9,3.9,90.0,100.0,50.0,60.0
OviKKVI5,ESCÓCIA - PREMIERSHIP,2024-01-23,16:45,RODADA 12,Hearts,Dundee FC,3.0,7.0,1.67,3.75,5.0,1.9,1.9,1.91,1.91,1.11,1.62,0.28,0.29,1.56,0.92,1.12,1.11,46.5,50.83,33.25,33.2,1.1,0.8,1.9,6.38,4.14,5.12,2.83,4.5,3.4,66.67,11.11,33.33,44.44,33.33,22.22,22.22,8.43,8.43,50.0,37.5,50.0,25.0,25.0,62.5,50.0,3.2,3.2,88.89,87.5,33.33,75.0
txFqp73E,ESCÓCIA - PREMIERSHIP,2024-01-24,16:45,RODADA 18,Hibernian,Rangers,6.0,2.0,7.0,4.5,1.44,1.73,2.08,1.95,1.8,1.25,1.11,0.23,0.4,1.38,1.02,2.44,0.46,44.4,28.25,37.67,38.0,0.4,1.2,1.6,2.43,5.62,2.67,2.97,5.2,7.6,62.5,12.5,37.5,37.5,37.5,25.0,25.0,6.17,6.17,88.89,22.22,11.11,77.78,77.78,22.22,11.11,7.43,7.43,75.0,100.0,37.5,77.78
hGfKw5tr,ESCÓCIA - PREMIERSHIP,2024-01-24,16:45,RODADA 18,St. Johnstone,Aberdeen,10.0,9.0,3.75,3.4,2.0,2.0,1.8,1.8,1.95,1.67,2.0,0.12,0.15,1.56,0.92,0.71,1.56,51.14,34.0,51.33,37.17,1.55,0.57,2.12,1.38,0.83,1.67,1.25,2.6,2.8,55.56,22.22,44.44,44.44,33.33,44.44,44.44,4.5,4.5,85.71,28.57,14.29,14.29,28.57,42.86,28.57,3.33,3.33,100.0,85.71,55.56,28.57
djQXe7Ft,JAPÃO - LIGA J1,2024-02-24,08:00,RODADA 1,C-Osaka,Tokyo,4.0,16.0,,,,,,,,0.8,0.4,0.26,0.69,1.9,0.76,0.8,1.15,22.43,36.2,42.0,27.43,1.2,0.77,1.97,1.2,3.0,2.02,3.5,3.56,3.11,90.0,30.0,10.0,60.0,50.0,30.0,30.0,4.5,4.5,60.0,50.0,40.0,10.0,10.0,30.0,50.0,3.5,3.5,100.0,70.0,60.0,20.0
I5Etfopg,JAPÃO - LIGA J1,2024-02-24,08:00,RODADA 1,Fukuoka,Sapporo,2.0,11.0,,,,,,,,1.5,2.6,0.11,0.11,1.4,1.02,1.1,1.0,61.6,47.12,34.0,50.67,1.15,1.75,2.9,-2.3,4.3,2.6,2.82,4.2,3.44,50.0,10.0,50.0,40.0,10.0,50.0,30.0,3.6,3.6,70.0,20.0,30.0,20.0,40.0,70.0,80.0,4.0,4.0,80.0,90.0,50.0,50.0
vFFxeRUn,JAPÃO - LIGA J1,2024-02-24,08:00,RODADA 1,Hiroshima,Urawa,15.0,14.0,,,,,,,,0.7,1.2,0.67,0.17,1.7,0.83,1.2,1.1,44.14,50.6,20.75,37.67,0.85,1.1,1.95,2.5,4.2,5.06,2.57,5.89,2.7,60.0,50.0,40.0,50.0,20.0,40.0,30.0,7.5,7.5,40.0,20.0,60.0,30.0,10.0,20.0,30.0,4.9,4.9,80.0,80.0,20.0,30.0
S0HFunVa,JAPÃO - LIGA J1,2024-02-24,08:00,RODADA 1,Kashiwa,Kyoto,12.0,7.0,,,,,,,,1.1,1.3,0.23,0.17,0.8,0.53,1.5,0.9,38.14,27.57,39.25,36.43,1.0,1.18,2.18,1.8,3.4,3.42,2.45,4.0,3.62,70.0,20.0,30.0,0.0,40.0,30.0,70.0,5.8,5.8,70.0,30.0,30.0,40.0,40.0,40.0,50.0,3.6,3.6,80.0,90.0,30.0,40.0
KUY50m7P,JAPÃO - LIGA J1,2024-02-24,08:00,RODADA 1,Nagoya,Kashima,8.0,18.0,,,,,,,,1.1,1.1,0.13,0.17,2.0,0.53,1.0,1.41,44.12,44.86,50.4,28.25,1.55,0.98,2.53,4.0,-1.0,3.0,2.48,4.1,3.67,50.0,20.0,50.0,50.0,30.0,40.0,50.0,5.7,5.7,90.0,60.0,10.0,30.0,30.0,60.0,50.0,3.9,3.9,80.0,100.0,40.0,60.0
nuJpg5aa,JAPÃO - LIGA J1,2024-02-24,08:00,RODADA 1,Sagan Tosu,Albirex Niigata,1.0,6.0,,,,,,,,1.3,0.4,0.13,0.46,1.0,1.15,1.2,1.1,41.25,18.5,37.22,28.33,1.1,1.2,2.3,2.2,3.3,1.93,2.5,2.56,3.44,80.0,30.0,20.0,20.0,10.0,40.0,70.0,4.7,4.7,80.0,50.0,20.0,30.0,30.0,40.0,40.0,3.7,3.7,100.0,80.0,40.0,50.0
SznKxpFI,JAPÃO - LIGA J1,2024-02-24,08:00,RODADA 1,Shonan,Kawasaki,3.0,10.0,,,,,,,,1.9,1.5,0.16,0.08,0.5,1.94,1.4,1.02,43.0,46.0,40.4,36.88,0.63,2.28,2.91,-1.2,5.1,2.83,3.04,4.22,4.0,50.0,40.0,50.0,10.0,20.0,40.0,40.0,7.4,7.4,80.0,40.0,20.0,40.0,30.0,60.0,70.0,5.1,5.1,100.0,100.0,90.0,60.0
rVQF9GAI,EUA - MLS,2024-02-24,16:00,-,Columbus Crew,Atlanta Utd,5.0,12.0,,,,,,,,1.4,2.0,0.13,0.09,2.3,0.5,0.8,1.15,29.2,39.11,38.6,31.0,2.59,0.89,3.48,2.3,-3.0,3.98,3.73,6.4,5.11,80.0,50.0,20.0,70.0,60.0,50.0,50.0,6.6,6.6,100.0,60.0,0.0,10.0,20.0,70.0,80.0,4.3,4.3,100.0,100.0,20.0,70.0
MLPJ8zQO,EUA - MLS,2024-02-24,18:30,-,Los Angeles FC,Seattle Sounders,12.0,8.0,,,,,,,,1.6,1.6,0.12,0.19,2.2,0.6,1.5,0.9,21.56,37.14,32.5,43.0,1.15,1.34,2.49,3.0,3.5,2.97,2.46,6.2,3.2,90.0,40.0,10.0,70.0,60.0,70.0,50.0,6.3,6.3,70.0,20.0,30.0,40.0,30.0,40.0,60.0,5.3,5.3,100.0,90.0,50.0,20.0
MDVfXJ2P,EUA - MLS,2024-02-24,21:30,-,Charlotte,New York City,15.0,10.0,,,,,,,,1.1,1.2,0.24,0.06,1.6,0.79,0.4,1.29,40.29,56.75,56.17,32.89,1.13,0.35,1.48,3.4,-2.5,3.14,3.38,3.9,2.5,60.0,10.0,40.0,40.0,30.0,40.0,50.0,5.7,5.7,60.0,10.0,40.0,0.0,0.0,30.0,40.0,3.7,3.7,80.0,90.0,40.0,20.0
OMHMSwBt,EUA - MLS,2024-02-24,21:30,-,DC United,New England Revolution,2.0,1.0,,,,,,,,1.9,1.7,0.08,0.18,1.4,1.02,0.8,1.54,49.8,57.5,39.86,43.0,1.75,1.3,3.05,1.2,-0.2,3.13,4.31,5.0,4.2,80.0,30.0,20.0,40.0,40.0,80.0,70.0,3.8,3.8,50.0,40.0,50.0,20.0,0.0,70.0,70.0,5.0,5.0,100.0,100.0,20.0,60.0
hAiZXKTG,EUA - MLS,2024-02-24,21:30,-,Orlando City,CF Montreal,9.0,7.0,,,,,,,,1.8,1.0,0.09,0.14,1.5,0.9,0.7,1.79,38.89,25.8,58.71,28.5,1.5,0.57,2.07,6.3,-1.3,3.67,2.4,4.89,3.6,60.0,20.0,40.0,40.0,40.0,50.0,60.0,5.1,5.1,90.0,70.0,10.0,20.0,20.0,60.0,40.0,3.6,3.6,100.0,90.0,30.0,50.0
IqHQRcQn,EUA - MLS,2024-02-24,21:30,-,Philadelphia Union,Chicago Fire,8.0,6.0,,,,,,,,1.4,1.4,0.11,0.07,1.9,0.63,1.3,1.15,26.88,39.71,42.71,36.38,2.04,1.39,3.43,3.9,4.1,2.55,2.74,4.4,3.5,70.0,70.0,30.0,50.0,40.0,70.0,70.0,3.6,3.6,70.0,40.0,30.0,40.0,20.0,70.0,50.0,3.8,3.8,80.0,100.0,50.0,60.0
WnLUQHug,EUA - MLS,2024-02-24,22:30,-,Austin FC,Minnesota,13.0,11.0,,,,,,,,1.7,1.7,0.07,0.11,1.5,0.9,1.6,0.94,39.4,48.5,42.14,43.33,1.9,1.75,3.65,1.6,3.3,2.77,2.71,4.5,4.1,80.0,60.0,20.0,40.0,50.0,80.0,70.0,6.6,6.6,50.0,50.0,50.0,50.0,30.0,60.0,40.0,2.5,2.5,100.0,100.0,40.0,70.0
EBAZPyea,EUA - MLS,2024-02-24,22:30,-,FC Dallas,San Jose Earthquakes,1.0,5.0,,,,,,,,1.2,1.7,0.14,0.16,1.7,0.68,0.5,1.94,42.44,45.0,38.22,34.88,1.47,0.89,2.36,2.0,1.4,2.56,2.31,3.0,2.2,70.0,30.0,30.0,40.0,20.0,30.0,80.0,5.0,5.0,80.0,30.0,20.0,10.0,20.0,70.0,70.0,5.1,5.1,100.0,100.0,40.0,70.0
h29wPeA5,EUA - MLS,2024-02-24,22:30,-,Houston Dynamo,Sporting Kansas City,2.0,7.0,,,,,,,,1.4,0.9,0.13,0.19,3.0,0.0,0.8,1.54,33.1,33.86,51.75,25.78,1.5,0.75,2.25,6.8,2.5,2.34,2.75,5.22,4.56,70.0,40.0,30.0,100.0,60.0,50.0,40.0,4.0,4.0,90.0,60.0,10.0,20.0,20.0,60.0,60.0,5.6,5.6,100.0,100.0,40.0,50.0
6wTwwPyl,ALEMANHA - 2. BUNDESLIGA,2024-01-26,14:30,RODADA 19,Hannover,Nurnberg,8.0,10.0,,,,,,,,2.0,2.12,0.23,0.11,1.71,0.73,1.62,0.93,37.5,44.25,37.6,36.17,2.16,1.62,3.78,1.83,1.43,2.29,2.87,6.8,4.8,85.71,57.14,14.29,42.86,42.86,71.43,57.14,4.67,4.67,75.0,50.0,25.0,50.0,37.5,75.0,75.0,5.57,5.57,100.0,100.0,71.43,87.5
QsdCg1Gr,BÉLGICA - LIGA JUPILER,2024-01-26,16:45,RODADA 22,Cercle Brugge,St. Liege,7.0,9.0,,,,,,,,1.44,1.44,0.16,0.05,1.67,0.95,0.67,1.5,37.5,52.0,39.67,41.56,1.47,1.1,2.57,4.88,-1.25,2.33,4.25,3.71,4.8,77.78,33.33,22.22,55.56,33.33,55.56,33.33,6.43,6.43,88.89,44.44,11.11,11.11,22.22,55.56,55.56,4.33,4.33,100.0,100.0,55.56,22.22
jTRJ7iqg,FRANÇA - LIGUE 1,2024-01-26,17:00,RODADA 19,Lyon,Rennes,15.0,10.0,2.25,3.5,3.0,1.9,1.9,1.75,2.0,1.38,0.86,0.11,0.24,1.12,1.11,0.86,1.25,53.43,42.0,25.4,12.6,1.2,1.1,2.3,3.29,3.0,4.8,5.5,5.83,4.5,62.5,62.5,37.5,25.0,25.0,62.5,62.5,6.0,6.0,71.43,14.29,28.57,14.29,0.0,28.57,42.86,5.5,5.5,87.5,71.43,12.5,14.29
tb8O1WUG,ESCÓCIA - PREMIERSHIP,2024-01-27,09:30,RODADA 23,St. Mirren,Rangers,5.0,2.0,,,,,,,,1.22,1.11,0.43,0.4,1.67,0.79,2.44,0.46,35.67,28.25,34.4,38.0,0.4,1.04,1.44,1.88,5.62,2.88,2.97,3.6,7.6,77.78,11.11,22.22,44.44,33.33,44.44,33.33,4.17,4.17,88.89,22.22,11.11,77.78,77.78,22.22,11.11,7.43,7.43,88.89,100.0,55.56,77.78
OY9pbs8R,BÉLGICA - LIGA JUPILER,2024-01-27,12:00,RODADA 22,Kortrijk,Leuven,16.0,14.0,,,,,,,,1.67,1.89,0.16,0.3,0.89,1.43,0.44,2.28,44.33,33.43,42.38,20.44,1.6,1.18,2.78,0.62,-1.5,3.0,3.9,3.33,5.2,66.67,22.22,33.33,22.22,22.22,55.56,55.56,3.29,3.29,100.0,55.56,0.0,11.11,11.11,77.78,77.78,3.83,3.83,100.0,100.0,55.56,55.56
GtYXERqf,SUÉCIA - ALLSVENSKAN,2024-03-30,15:00,RODADA 1,Elfsborg,Värnamo,10.0,5.0,1.44,4.2,6.0,1.73,2.08,1.91,1.91,1.4,1.6,0.15,0.06,2.1,0.57,1.6,0.94,37.56,35.0,41.0,35.14,1.34,1.33,2.67,8.1,5.3,2.92,3.0,5.5,5.33,70.0,50.0,30.0,60.0,40.0,50.0,30.0,6.7,6.7,80.0,50.0,20.0,50.0,50.0,70.0,60.0,4.4,4.4,100.0,100.0,20.0,70.0
zXPPGmFs,SUÉCIA - ALLSVENSKAN,2024-03-30,15:00,RODADA 1,Göteborg,Djurgarden,7.0,9.0,2.63,3.4,2.4,2.0,1.8,1.8,1.95,1.3,1.7,0.09,0.15,1.5,0.9,0.8,1.54,58.14,46.5,45.57,49.0,1.4,0.69,2.09,6.5,2.1,3.86,3.73,4.8,3.62,60.0,10.0,40.0,40.0,30.0,30.0,50.0,6.7,6.7,50.0,20.0,50.0,20.0,20.0,50.0,50.0,5.1,5.1,90.0,80.0,40.0,50.0
lfWuD5E6,SUÉCIA - ALLSVENSKAN,2024-03-30,15:00,RODADA 1,Hacken,Mjallby,1.0,3.0,1.4,4.5,6.5,1.62,2.25,1.8,1.95,2.5,1.1,0.09,0.17,2.7,0.35,1.4,1.02,21.0,43.4,37.62,40.14,2.18,0.92,3.1,7.7,1.4,2.29,3.62,6.8,3.89,100.0,70.0,0.0,90.0,70.0,90.0,80.0,8.1,8.1,60.0,30.0,40.0,40.0,20.0,30.0,30.0,3.6,3.6,100.0,90.0,70.0,20.0
b72dYFpF,SUÉCIA - ALLSVENSKAN,2024-03-30,15:00,RODADA 1,Hammarby,Kalmar,12.0,8.0,1.73,3.6,4.2,1.95,1.85,1.91,1.91,1.9,1.1,0.12,0.08,2.0,0.67,1.6,0.94,39.62,35.71,51.71,34.29,1.26,1.4,2.66,1.8,1.6,3.62,2.1,6.11,3.8,70.0,40.0,30.0,60.0,50.0,60.0,60.0,4.8,4.8,80.0,70.0,20.0,50.0,40.0,70.0,50.0,3.9,3.9,90.0,90.0,60.0,50.0
IeFUF7Um,SUÉCIA - ALLSVENSKAN,2024-03-30,15:00,RODADA 1,Norrkoping,Malmö FF,16.0,14.0,3.6,3.4,1.91,1.8,2.0,1.7,2.05,1.9,1.0,0.09,0.52,1.8,0.86,1.9,0.76,50.25,34.67,46.29,40.57,1.1,1.39,2.49,3.8,1.6,3.22,3.92,4.5,5.8,50.0,40.0,50.0,60.0,30.0,60.0,50.0,5.7,5.7,80.0,40.0,20.0,60.0,40.0,50.0,40.0,5.9,5.9,100.0,90.0,50.0,20.0
6VQpCPTC,SUÉCIA - ALLSVENSKAN,2024-03-30,15:00,RODADA 1,Sirius,Halmstad,2.0,13.0,1.91,3.5,3.5,1.75,2.05,1.67,2.1,1.7,1.4,0.11,0.45,1.5,1.05,1.3,0.96,33.7,42.57,26.83,35.86,0.98,1.3,2.28,0.6,2.5,4.59,2.75,8.11,3.78,90.0,70.0,10.0,50.0,30.0,80.0,60.0,5.8,5.8,60.0,30.0,40.0,30.0,10.0,50.0,60.0,4.1,4.1,100.0,80.0,20.0,40.0
tUxbMCHr,NORUEGA - ELITESERIEN,2024-03-31,14:00,RODADA 1,Odd Grenland,Haugesund,12.0,11.0,,,,,,,,1.5,1.3,0.07,0.09,1.4,1.02,0.6,1.61,52.57,33.6,47.29,46.62,1.3,0.69,1.99,3.2,1.5,2.92,3.08,3.44,2.89,60.0,0.0,40.0,40.0,30.0,30.0,40.0,4.6,4.6,70.0,10.0,30.0,10.0,30.0,50.0,40.0,3.7,3.7,100.0,90.0,40.0,30.0
